Workbook

Sheet 使い方
A1: ■ このファイルの使い方（Excelだけで完結します。マクロもPythonも使いません）
A3: 1.「入力」シートに、名列順で生徒の情報を入力します（黄色いセル）。
A4: ・学科は6種類からドロップダウンで選べます（空欄なら「設定」の既定の学科）。
A5: ・郵便番号を入れると、ふりがな（住所）が自動で入ります（大阪府・和歌山県・奈良県）。
A6: 連絡先のふりがなも、連絡先の郵便番号から同じように入ります。
A7: 読みを直したいときは、そのセルに上から書き込んでください（そのセルだけ自動が外れます）。
A8: 郵便番号では町名までしか分からないので、番地の読みが要るときは書き足してください。
A9: ・連絡先を空欄にすると、履歴書には自動で「同上」と入ります。
A10: ・生年月日は「2008/5/12」のように日付で入力してください（元号と満○歳は自動）。
A12: 2.「履歴書」シートが、そのまま印刷する用紙です（1人＝1ページ・上から入力シートのNo順）。
A13: 画面をスクロールすれば、印刷前に全員分を確認できます。
A15: 3. 印刷・PDFにする（No.○ から No.○ まで）
... A55: ・非表示のシートは変えないでください。

Sheet 入力
A1: 入力（1行＝1生徒・名列順） | D1: 黄色いセルに入力すると、「履歴書」シートに自動で反映されます（1人＝1ページ・Noの順）。印刷は「設定」シートで No.○ 〜 No.○ を指定してください。
A2: 生徒 | G2: 現住所 | J2: 在籍校 | K2: 連絡先 | N2: 資格等 | Z2: 校内外の諸活動 | AA2: 志望の動機など | AD2: 職歴 | AH2: 備考
A3: No | B3: 組 | C3: 出席番号 | D3: 氏名 | E3: ふりがな（氏名） | F3: 生年月日 | G3: 郵便番号 | H3: 住所 | I3: ふりがな（住所） | J3: 学科 | K3: 連絡先 郵便番号 | L3: 連絡先 住所 | M3: 連絡先 ふりがな | N3: 資格1 名称 | O3: 資格1 取得年月 | P3: 資格2 名称 | Q3: 資格2 取得年月 | R3: 資格3 名称 | S3: 資格3 取得年月 | T3: 資格4 名称 | U3: 資格4 取得年月 | V3: 資格5 名称 | W3: 資格5 取得年月 | X3: 資格6 名称 | Y3: 資格6 取得年月 | Z3: 校内外の諸活動 | AA3: 志望の動機 | AB3: 希望の職種 | AC3: アピールポイント | AD3: 職歴1 年月 | AE3: 職歴1 内容 | AF3: 職歴2 年月 | AG3: 職歴2 内容 | AH3: 備考 | AJ3: 照合用（自動）
A4: meta.no | B4: meta.class | C4: meta.number | D4: name | E4: name_kana | F4: birth | G4: zip | H4: address | I4: address_kana | J4: course | K4: contact_zip | L4: contact_address | M4: contact_kana | N4: license.1.name | O4: license.1.ym | P4: license.2.name | Q4: license.2.ym | R4: license.3.name | S4: license.3.ym | T4: license.4.name | U4: license.4.ym | V4: license.5.name | W4: license.5.ym | X4: license.6.name | Y4: license.6.ym | Z4: activities | AA4: motivation | AB4: desired_job | AC4: appeal | AD4: job.1.ym | AE4: job.1.text | AF4: job.2.ym | AG4: job.2.text | AH4: remarks
A5: 1 | B5: 3年2組 | C5: 1 | D5: 佐野 太郎 | E5: さの たろう | F5: 39580 | G5: 5980001 | H5: 大阪府泉佐野市市場東1丁目2-3 サンプルハイツ101 | I5: =IF(G5="","",IFERROR(VLOOKUP(TEXT(VALUE(SUBSTITUTE(G5,"-","")),"0000000"),郵便番号!$A:$C,3,FALSE),"")) | J5: 機械系機械技術科（専科） | M5: =IF(K5="","",IFERROR(VLOOKUP(TEXT(VALUE(SUBSTITUTE(K5,"-","")),"0000000"),郵便番号!$A:$C,3,FALSE),"")) | N5: 電気工事士第二種 | O5: 45444 | P5: 危険物取扱者乙4 | Q5: 45717 | R5: 技能検定 機械加工（普通旋盤作業）3級 | S5: 45962 | Z5: ・1年〜3年 機械研究部に所属（3年次は副部長） ・2年 ものづくりコンテスト旋盤作業部門 校内代表 ・3年 体育大会 応援団リーダー | AA5: 実習で金属を削って形にする面白さを知り、ものづくりの現場で働きたいと考えるようになりました。貴社は多品種少量の精密加工に強みがあり、若いうちから幅広い機械に触れられると伺っています。学校で学んだ機械加工の基礎を早く現場で活かし、確かな技術を身につけて長く貢献したいと思い志望しました。 | AB5: 機械加工・生産技術 | AC5: 旋盤とフライス盤の実習で、寸法公差を守る段取りと確認を身につけました。分からないことはその場で質問し、最後まで丁寧にやり切ることを大切にしています。 | AH5: 普通自動車免許は卒業後に取得予定です。 | AJ5: =SUBSTITUTE(SUBSTITUTE(D5," ","")," ","")
A6: 2 | B6: 3年2組 | C6: 2 | D6: 近畿 花子 | E6: きんき はなこ | F6: 39755 | G6: 5900001 | H6: 大阪府堺市堺区南瓦町3-1 テストレジデンス2201号室 | I6: =IF(G6="","",IFERROR(VLOOKUP(TEXT(VALUE(SUBSTITUTE(G6,"-","")),"0000000"),郵便番号!$A:$C,3,FALSE),"")) | J6: 産業創造系製品開発科（専科） | K6: 5980048 | L6: 大阪府泉佐野市りんくう往来北1-1 保護者 近畿一郎方 | M6: =IF(K6="","",IFERROR(VLOOKUP(TEXT(VALUE(SUBSTITUTE(K6,"-","")),"0000000"),郵便番号!$A:$C,3,FALSE),"")) | N6: 計算技術検定3級 | O6: 45597 | P6: 基礎製図検定 | Q6: 45413 | Z6: ・生徒会 会計（2年） ・吹奏楽部 パートリーダー（3年） ・海岸清掃活動に参加（1年〜3年） | AA6: 工場見学で、たくさんの部品が計画どおりに動いて製品になる仕組みに興味を持ちました。簿記と情報の授業で学んだことを活かして、現場を支える仕事に就きたいと考え志望しました。 | AB6: 生産管理・事務 | AC6: 3年間、無遅刻無欠席で続けてきました。人と話すことが好きで、部活動では初心者の後輩の指導を担当しました。 | AJ6: =SUBSTITUTE(SUBSTITUTE(D6," ","")," ","")
A7: 3 | B7: 3年2組 | C7: 3 | D7: 泉州 一郎 | E7: せんしゅう いちろう | F7: 39467 | G7: 5960076 | H7: 大阪府岸和田市野田町1-1-1 | I7: =IF(G7="","",IFERROR(VLOOKUP(TEXT(VALUE(SUBSTITUTE(G7,"-","")),"0000000"),郵便番号!$A:$C,3,FALSE),"")) | J7: 電気系電気技術科（専科） | M7: =IF(K7="","",IFERROR(VLOOKUP(TEXT(VALUE(SUBSTITUTE(K7,"-","")),"0000000"),郵便番号!$A:$C,3,FALSE),"")) | N7: 小型フォークリフト運転特別教育講習修了 | O7: 45870 | Z7: ・ソフトテニス部 主将（3年） ・泉州オープンファクトリー参加（2年） | AA7: インターンシップで貴社の現場を見学し、機械を扱う正確さに憧れました。基礎から学んで一人前になりたいと思い志望しました。 | AB7: 機械オペレーター | AC7: 部活動で主将を務め、練習メニューを考えて部員をまとめました。体力に自信があります。 | AJ7: =SUBSTITUTE(SUBSTITUTE(D7," ","")," ","")
A8: 4 | I8: =IF(G8="","",IFERROR(VLOOKUP(TEXT(VALUE(SUBSTITUTE(G8,"-","")),"0000000"),郵便番号!$A:$C,3,FALSE),"")) | M8: =IF(K8="","",IFERROR(VLOOKUP(TEXT(VALUE(SUBSTITUTE(K8,"-","")),"0000000"),郵便番号!$A:$C,3,FALSE),"")) | AJ8: =SUBSTITUTE(SUBSTITUTE(D8," ","")," ","")
A9: 5 | I9: =IF(G9="","",IFERROR(VLOOKUP(TEXT(VALUE(SUBSTITUTE(G9,"-","")),"0000000"),郵便番号!$A:$C,3,FALSE),"")) | M9: =IF(K9="","",IFERROR(VLOOKUP(TEXT(VALUE(SUBSTITUTE(K9,"-","")),"0000000"),郵便番号!$A:$C,3,FALSE),"")) | AJ9: =SUBSTITUTE(SUBSTITUTE(D9," ","")," ","")
A10: 6 | I10: =IF(G10="","",IFERROR(VLOOKUP(TEXT(VALUE(SUBSTITUTE(G10,"-","")),"0000000"),郵便番号!$A:$C,3,FALSE),"")) | M10: =IF(K10="","",IFERROR(VLOOKUP(TEXT(VALUE(SUBSTITUTE(K10,"-","")),"0000000"),郵便番号!$A:$C,3,FALSE),"")) | AJ10: =SUBSTITUTE(SUBSTITUTE(D10," ","")," ","")
A11: 7 | I11: =IF(G11="","",IFERROR(VLOOKUP(TEXT(VALUE(SUBSTITUTE(G11,"-","")),"0000000"),郵便番号!$A:$C,3,FALSE),"")) | M11: =IF(K11="","",IFERROR(VLOOKUP(TEXT(VALUE(SUBSTITUTE(K11,"-","")),"0000000"),郵便番号!$A:$C,3,FALSE),"")) | AJ11: =SUBSTITUTE(SUBSTITUTE(D11," ","")," ","")
A12: 8 | I12: =IF(G12="","",IFERROR(VLOOKUP(TEXT(VALUE(SUBSTITUTE(G12,"-","")),"0000000"),郵便番号!$A:$C,3,FALSE),"")) | M12: =IF(K12="","",IFERROR(VLOOKUP(TEXT(VALUE(SUBSTITUTE(K12,"-","")),"0000000"),郵便番号!$A:$C,3,FALSE),"")) | AJ12: =SUBSTITUTE(SUBSTITUTE(D12," ","")," ","")
A13: 9 | I13: =IF(G13="","",IFERROR(VLOOKUP(TEXT(VALUE(SUBSTITUTE(G13,"-","")),"0000000"),郵便番号!$A:$C,3,FALSE),"")) | M13: =IF(K13="","",IFERROR(VLOOKUP(TEXT(VALUE(SUBSTITUTE(K13,"-","")),"0000000"),郵便番号!$A:$C,3,FALSE),"")) | AJ13: =SUBSTITUTE(SUBSTITUTE(D13," ","")," ","")
A14: 10 | I14: =IF(G14="","",IFERROR(VLOOKUP(TEXT(VALUE(SUBSTITUTE(G14,"-","")),"0000000"),郵便番号!$A:$C,3,FALSE),"")) | M14: =IF(K14="","",IFERROR(VLOOKUP(TEXT(VALUE(SUBSTITUTE(K14,"-","")),"0000000"),郵便番号!$A:$C,3,FALSE),"")) | AJ14: =SUBSTITUTE(SUBSTITUTE(D14," ","")," ","")
A15: 11 | I15: =IF(G15="","",IFERROR(VLOOKUP(TEXT(VALUE(SUBSTITUTE(G15,"-","")),"0000000"),郵便番号!$A:$C,3,FALSE),"")) | M15: =IF(K15="","",IFERROR(VLOOKUP(TEXT(VALUE(SUBSTITUTE(K15,"-","")),"0000000"),郵便番号!$A:$C,3,FALSE),"")) | AJ15: =SUBSTITUTE(SUBSTITUTE(D15," ","")," ","")
A16: 12 | I16: =IF(G16="","",IFERROR(VLOOKUP(TEXT(VALUE(SUBSTITUTE(G16,"-","")),"0000000"),郵便番号!$A:$C,3,FALSE),"")) | M16: =IF(K16="","",IFERROR(VLOOKUP(TEXT(VALUE(SUBSTITUTE(K16,"-","")),"0000000"),郵便番号!$A:$C,3,FALSE),"")) | AJ16: =SUBSTITUTE(SUBSTITUTE(D16," ","")," ","")
A17: 13 | I17: =IF(G17="","",IFERROR(VLOOKUP(TEXT(VALUE(SUBSTITUTE(G17,"-","")),"0000000"),郵便番号!$A:$C,3,FALSE),"")) | M17: =IF(K17="","",IFERROR(VLOOKUP(TEXT(VALUE(SUBSTITUTE(K17,"-","")),"0000000"),郵便番号!$A:$C,3,FALSE),"")) | AJ17: =SUBSTITUTE(SUBSTITUTE(D17," ","")," ","")
A18: 14 | I18: =IF(G18="","",IFERROR(VLOOKUP(TEXT(VALUE(SUBSTITUTE(G18,"-","")),"0000000"),郵便番号!$A:$C,3,FALSE),"")) | M18: =IF(K18="","",IFERROR(VLOOKUP(TEXT(VALUE(SUBSTITUTE(K18,"-","")),"0000000"),郵便番号!$A:$C,3,FALSE),"")) | AJ18: =SUBSTITUTE(SUBSTITUTE(D18," ","")," ","")
A19: 15 | I19: =IF(G19="","",IFERROR(VLOOKUP(TEXT(VALUE(SUBSTITUTE(G19,"-","")),"0000000"),郵便番号!$A:$C,3,FALSE),"")) | M19: =IF(K19="","",IFERROR(VLOOKUP(TEXT(VALUE(SUBSTITUTE(K19,"-","")),"0000000"),郵便番号!$A:$C,3,FALSE),"")) | AJ19: =SUBSTITUTE(SUBSTITUTE(D19," ","")," ","")
... A44: 40 | I44: =IF(G44="","",IFERROR(VLOOKUP(TEXT(VALUE(SUBSTITUTE(G44,"-","")),"0000000"),郵便番号!$A:$C,3,FALSE),"")) | M44: =IF(K44="","",IFERROR(VLOOKUP(TEXT(VALUE(SUBSTITUTE(K44,"-","")),"0000000"),郵便番号!$A:$C,3,FALSE),"")) | AJ44: =SUBSTITUTE(SUBSTITUTE(D44," ","")," ","")

Sheet 資格取込
A1: 資格取込（1行＝1件で貼り付けてください）
A2: A6 以降に、資格取得の一覧をそのまま貼り付けます。「入力」シートの名簿と照合して、各生徒の資格欄に自動で追加します。
A3: 書式: 3-2-15〔空白またはタブ〕山田 太郎 基礎製図検定 令和6年7月10日 …学年-組-出席番号 → 氏名 → 資格名 → 取得日 の順。
A4: 先頭の番号がないときは氏名で照合します。取得日は 令和6年7月10日 / 2024/7/10 のどちらでも。すでに「入力」シートに手入力してある資格と同じものは「重複」として飛ばします。
A5: 貼付原文 | B5: 整形 | C5: 語数 | D5: 語1 | E5: 語2 | F5: 語3 | G5: 語4 | H5: 語5 | I5: 語6 | J5: 語7 | K5: 語8 | L5: ID | M5: ID有 | N5: 組 | O5: 出席番号 | P5: 氏名 | Q5: 資格名（貼付） | R5: 正式名称 | S5: 取得日 | T5: 名簿No | U5: 名簿の氏名 | V5: 状態 | W5: 有効 | X5: 行 | Y5: 順位 | Z5: キー
A6: 3-2-1 佐野 太郎 計算技術検定3級 令和6年11月15日 | B6: =TRIM(SUBSTITUTE(SUBSTITUTE(SUBSTITUTE(A6,CHAR(9)," ")," "," "),CHAR(160)," ")) | C6: =IF(B6="",0,LEN(B6)-LEN(SUBSTITUTE(B6," ",""))+1) | D6: =IF(C6>=1,TRIM(MID(SUBSTITUTE(B6," ",REPT(" ",200)),1,200)),"") | E6: =IF(C6>=2,TRIM(MID(SUBSTITUTE(B6," ",REPT(" ",200)),201,200)),"") | F6: =IF(C6>=3,TRIM(MID(SUBSTITUTE(B6," ",REPT(" ",200)),401,200)),"") | G6: =IF(C6>=4,TRIM(MID(SUBSTITUTE(B6," ",REPT(" ",200)),601,200)),"") | H6: =IF(C6>=5,TRIM(MID(SUBSTITUTE(B6," ",REPT(" ",200)),801,200)),"") | I6: =IF(C6>=6,TRIM(MID(SUBSTITUTE(B6," ",REPT(" ",200)),1001,200)),"") | J6: =IF(C6>=7,TRIM(MID(SUBSTITUTE(B6," ",REPT(" ",200)),1201,200)),"") | K6: =IF(C6>=8,TRIM(MID(SUBSTITUTE(B6," ",REPT(" ",200)),1401,200)),"") | L6: =SUBSTITUTE(SUBSTITUTE(SUBSTITUTE(D6,"年","-"),"組","-"),"番","") | M6: =IF(D6="",0,IF(ISNUMBER(VALUE(SUBSTITUTE(L6,"-",""))),1,0)) | N6: =IF(M6=0,"",IFERROR(VALUE(TRIM(MID(SUBSTITUTE(L6,"-",REPT(" ",100)),101,100))),"")) | O6: =IF(M6=0,"",IFERROR(VALUE(TRIM(RIGHT(SUBSTITUTE(L6,"-",REPT(" ",100)),100))),"")) | P6: =IF(B6="","",TRIM(INDEX($D6:$K6,IF(M6=1,2,1))&IF(AD6>=2," "&INDEX($D6:$K6,IF(M6=1,2,1)+1),"")&IF(AD6>=3," "&INDEX($D6:$K6,IF(M6=1,2,1)+2),""))) | Q6: =IF(C6<2,"",TRIM(IF(AND(2>=(IF(M6=1,2,1)+AD6),2<=C6-IF(S6="",0,1)),E6&" ","")&IF(AND(3>=(IF(M6=1,2,1)+AD6),3<=C6-IF(S6="",0,1)),F6&" ","")&IF(AND(4>=(IF(M6=1,2,1)+AD6),4<=C6-IF(S6="",0,1)),G6&" ","")&IF(AND(5>=(IF(M6=1,2,1)+AD6),5<=C6-IF(S6="",0,1)),H6&" ","")&IF(AND(6>=(IF(M6=1,2,1)+AD6),6<=C6-IF(S6="",0,1)),I6&" ","")&IF(AND(7>=(IF(M6=1,2,1)+AD6),7<=C6-IF(S6="",0,1)),J6&" ","")&IF(AND(8>=(IF(M6=1,2,1)+AD6),8<=C6-IF(S6="",0,1)),K6&" ",""))) | R6: =IF(Q6="","",IFERROR(INDEX(資格マスタ!$B:$B,MATCH(ASC(SUBSTITUTE(SUBSTITUTE(Q6," ","")," ","")),資格マスタ!$D:$D,0)),Q6)) | S6: =IF(C6<2,"",IFERROR(IF(OR(LEFT(INDEX(D6:K6,MIN(8,MAX(1,C6))),2)="令和",LEFT(INDEX(D6:K6,MIN(8,MAX(1,C6))),2)="平成",LEFT(INDEX(D6:K6,MIN(8,MAX(1,C6))),2)="昭和"),DATE(VALUE(MID(INDEX(D6:K6,MIN(8,MAX(1,C6))),3,FIND("年",INDEX(D6:K6,MIN(8,MAX(1,C6))))-3))+IF(LEFT(INDEX(D6:K6,MIN(8,MAX(1,C6))),2)="令和",2018,IF(LEFT(INDEX(D6:K6,MIN(8,MAX(1,C6))),2)="平成",1988,1925)),VALUE(MID(INDEX(D6:K6,MIN(8,MAX(1,C6))),FIND("年",INDEX(D6:K6,MIN(8,MAX(1,C6))))+1,FIND("月",INDEX(D6:K6,MIN(8,MAX(1,C6))))-FIND("年",INDEX(D6:K6,MIN(8,MAX(1,C6))))-1)),VALUE(SUBSTITUTE(MID(INDEX(D6:K6,MIN(8,MAX(1,C6))),FIND("月",INDEX(D6:K6,MIN(8,MAX(1,C6))))+1,10),"日",""))),DATE(VALUE(TRIM(MID(SUBSTITUTE(AA6,"/",REPT(" ",50)),1,50))),VALUE(TRIM(MID(SUBSTITUTE(AA6,"/",REPT(" ",50)),51,50))),VALUE(TRIM(MID(SUBSTITUTE(AA6,"/",REPT(" ",50)),101,50))))),IFERROR(DATEVALUE(INDEX(D6:K6,MIN(8,MAX(1,C6)))),""))) | T6: =IF(B6="","",IF(AB6<>"",AB6,IFERROR(MATCH(SUBSTITUTE(SUBSTITUTE(P6," ","")," ",""),入力!$AJ$5:$AJ$44,0),""))) | U6: =IF(T6="","",INDEX(入力!$D$5:$D$44,T6)) | V6: =IF(B6="","",IF(T6="","要確認（名簿と照合できません）",IF(R6="","要確認（資格名がありません）",IF(S6="","要確認（取得日が読めません）",IF((IF(INDEX(入力!$N$5:$N$44,T6)=R6,1,0)+IF(INDEX(入力!$P$5:$P$44,T6)=R6,1,0)+IF(INDEX(入力!$R$5:$R$44,T6)=R6,1,0)+IF(INDEX(入力!$T$5:$T$44,T6)=R6,1,0)+IF(INDEX(入力!$V$5:$V$44,T6)=R6,1,0)+IF(INDEX(入力!$X$5:$X$44,T6)=R6,1,0))+(COUNTIFS($T$6:$T$205,T6,$R$6:$R$205,R6,$X$6:$X$205,"<"&X6))>0,"重複","反映"))))) | W6: =IF(V6="反映",1,0) | X6: 6 | Y6: =IF(W6=0,"",COUNTIFS($T$6:$T$205,T6,$W$6:$W$205,1,$S$6:$S$205,"<"&S6)+COUNTIFS($T$6:$T$205,T6,$W$6:$W$205,1,$S$6:$S$205,S6,$X$6:$X$205,"<"&X6)+1) | Z6: =IF(Y6="","",T6&"_"&Y6) | AA6: =SUBSTITUTE(SUBSTITUTE(SUBSTITUTE(SUBSTITUTE(SUBSTITUTE(INDEX(D6:K6,MIN(8,MAX(1,C6))),"年","/"),"月","/"),"日",""),"-","/"),".","/") | AB6: =IFERROR(MATCH(O6,入力!$C$5:$C$44,0),"") | AC6: =IF(AB6="","",INDEX(入力!$AJ$5:$AJ$44,AB6)) | AD6: =IF(INDEX($D6:$K6,IF(M6=1,2,1))=AC6,1,IF(INDEX($D6:$K6,IF(M6=1,2,1))&INDEX($D6:$K6,IF(M6=1,2,1)+1)=AC6,2,IF(INDEX($D6:$K6,IF(M6=1,2,1))&INDEX($D6:$K6,IF(M6=1,2,1)+1)&INDEX($D6:$K6,IF(M6=1,2,1)+2)=AC6,3,IF(AB6<>"",2,IF(ISNUMBER(MATCH(INDEX($D6:$K6,IF(M6=1,2,1)),入力!$AJ$5:$AJ$44,0)),1,IF(ISNUMBER(MATCH(INDEX($D6:$K6,IF(M6=1,2,1))&INDEX($D6:$K6,IF(M6=1,2,1)+1),入力!$AJ$5:$AJ$44,0)),2,IF(ISNUMBER(MATCH(INDEX($D6:$K6,IF(M6=1,2,1))&INDEX($D6:$K6,IF(M6=1,2,1)+1)&INDEX($D6:$K6,IF(M6=1,2,1)+2),入力!$AJ$5:$AJ$44,0)),3,2)))))))
A7: 3-2-2 近畿 花子 実用英語検定2級 2025/6/8 | B7: =TRIM(SUBSTITUTE(SUBSTITUTE(SUBSTITUTE(A7,CHAR(9)," ")," "," "),CHAR(160)," ")) | C7: =IF(B7="",0,LEN(B7)-LEN(SUBSTITUTE(B7," ",""))+1) | D7: =IF(C7>=1,TRIM(MID(SUBSTITUTE(B7," ",REPT(" ",200)),1,200)),"") | E7: =IF(C7>=2,TRIM(MID(SUBSTITUTE(B7," ",REPT(" ",200)),201,200)),"") | F7: =IF(C7>=3,TRIM(MID(SUBSTITUTE(B7," ",REPT(" ",200)),401,200)),"") | G7: =IF(C7>=4,TRIM(MID(SUBSTITUTE(B7," ",REPT(" ",200)),601,200)),"") | H7: =IF(C7>=5,TRIM(MID(SUBSTITUTE(B7," ",REPT(" ",200)),801,200)),"") | I7: =IF(C7>=6,TRIM(MID(SUBSTITUTE(B7," ",REPT(" ",200)),1001,200)),"") | J7: =IF(C7>=7,TRIM(MID(SUBSTITUTE(B7," ",REPT(" ",200)),1201,200)),"") | K7: =IF(C7>=8,TRIM(MID(SUBSTITUTE(B7," ",REPT(" ",200)),1401,200)),"") | L7: =SUBSTITUTE(SUBSTITUTE(SUBSTITUTE(D7,"年","-"),"組","-"),"番","") | M7: =IF(D7="",0,IF(ISNUMBER(VALUE(SUBSTITUTE(L7,"-",""))),1,0)) | N7: =IF(M7=0,"",IFERROR(VALUE(TRIM(MID(SUBSTITUTE(L7,"-",REPT(" ",100)),101,100))),"")) | O7: =IF(M7=0,"",IFERROR(VALUE(TRIM(RIGHT(SUBSTITUTE(L7,"-",REPT(" ",100)),100))),"")) | P7: =IF(B7="","",TRIM(INDEX($D7:$K7,IF(M7=1,2,1))&IF(AD7>=2," "&INDEX($D7:$K7,IF(M7=1,2,1)+1),"")&IF(AD7>=3," "&INDEX($D7:$K7,IF(M7=1,2,1)+2),""))) | Q7: =IF(C7<2,"",TRIM(IF(AND(2>=(IF(M7=1,2,1)+AD7),2<=C7-IF(S7="",0,1)),E7&" ","")&IF(AND(3>=(IF(M7=1,2,1)+AD7),3<=C7-IF(S7="",0,1)),F7&" ","")&IF(AND(4>=(IF(M7=1,2,1)+AD7),4<=C7-IF(S7="",0,1)),G7&" ","")&IF(AND(5>=(IF(M7=1,2,1)+AD7),5<=C7-IF(S7="",0,1)),H7&" ","")&IF(AND(6>=(IF(M7=1,2,1)+AD7),6<=C7-IF(S7="",0,1)),I7&" ","")&IF(AND(7>=(IF(M7=1,2,1)+AD7),7<=C7-IF(S7="",0,1)),J7&" ","")&IF(AND(8>=(IF(M7=1,2,1)+AD7),8<=C7-IF(S7="",0,1)),K7&" ",""))) | R7: =IF(Q7="","",IFERROR(INDEX(資格マスタ!$B:$B,MATCH(ASC(SUBSTITUTE(SUBSTITUTE(Q7," ","")," ","")),資格マスタ!$D:$D,0)),Q7)) | S7: =IF(C7<2,"",IFERROR(IF(OR(LEFT(INDEX(D7:K7,MIN(8,MAX(1,C7))),2)="令和",LEFT(INDEX(D7:K7,MIN(8,MAX(1,C7))),2)="平成",LEFT(INDEX(D7:K7,MIN(8,MAX(1,C7))),2)="昭和"),DATE(VALUE(MID(INDEX(D7:K7,MIN(8,MAX(1,C7))),3,FIND("年",INDEX(D7:K7,MIN(8,MAX(1,C7))))-3))+IF(LEFT(INDEX(D7:K7,MIN(8,MAX(1,C7))),2)="令和",2018,IF(LEFT(INDEX(D7:K7,MIN(8,MAX(1,C7))),2)="平成",1988,1925)),VALUE(MID(INDEX(D7:K7,MIN(8,MAX(1,C7))),FIND("年",INDEX(D7:K7,MIN(8,MAX(1,C7))))+1,FIND("月",INDEX(D7:K7,MIN(8,MAX(1,C7))))-FIND("年",INDEX(D7:K7,MIN(8,MAX(1,C7))))-1)),VALUE(SUBSTITUTE(MID(INDEX(D7:K7,MIN(8,MAX(1,C7))),FIND("月",INDEX(D7:K7,MIN(8,MAX(1,C7))))+1,10),"日",""))),DATE(VALUE(TRIM(MID(SUBSTITUTE(AA7,"/",REPT(" ",50)),1,50))),VALUE(TRIM(MID(SUBSTITUTE(AA7,"/",REPT(" ",50)),51,50))),VALUE(TRIM(MID(SUBSTITUTE(AA7,"/",REPT(" ",50)),101,50))))),IFERROR(DATEVALUE(INDEX(D7:K7,MIN(8,MAX(1,C7)))),""))) | T7: =IF(B7="","",IF(AB7<>"",AB7,IFERROR(MATCH(SUBSTITUTE(SUBSTITUTE(P7," ","")," ",""),入力!$AJ$5:$AJ$44,0),""))) | U7: =IF(T7="","",INDEX(入力!$D$5:$D$44,T7)) | V7: =IF(B7="","",IF(T7="","要確認（名簿と照合できません）",IF(R7="","要確認（資格名がありません）",IF(S7="","要確認（取得日が読めません）",IF((IF(INDEX(入力!$N$5:$N$44,T7)=R7,1,0)+IF(INDEX(入力!$P$5:$P$44,T7)=R7,1,0)+IF(INDEX(入力!$R$5:$R$44,T7)=R7,1,0)+IF(INDEX(入力!$T$5:$T$44,T7)=R7,1,0)+IF(INDEX(入力!$V$5:$V$44,T7)=R7,1,0)+IF(INDEX(入力!$X$5:$X$44,T7)=R7,1,0))+(COUNTIFS($T$6:$T$205,T7,$R$6:$R$205,R7,$X$6:$X$205,"<"&X7))>0,"重複","反映"))))) | W7: =IF(V7="反映",1,0) | X7: 7 | Y7: =IF(W7=0,"",COUNTIFS($T$6:$T$205,T7,$W$6:$W$205,1,$S$6:$S$205,"<"&S7)+COUNTIFS($T$6:$T$205,T7,$W$6:$W$205,1,$S$6:$S$205,S7,$X$6:$X$205,"<"&X7)+1) | Z7: =IF(Y7="","",T7&"_"&Y7) | AA7: =SUBSTITUTE(SUBSTITUTE(SUBSTITUTE(SUBSTITUTE(SUBSTITUTE(INDEX(D7:K7,MIN(8,MAX(1,C7))),"年","/"),"月","/"),"日",""),"-","/"),".","/") | AB7: =IFERROR(MATCH(O7,入力!$C$5:$C$44,0),"") | AC7: =IF(AB7="","",INDEX(入力!$AJ$5:$AJ$44,AB7)) | AD7: =IF(INDEX($D7:$K7,IF(M7=1,2,1))=AC7,1,IF(INDEX($D7:$K7,IF(M7=1,2,1))&INDEX($D7:$K7,IF(M7=1,2,1)+1)=AC7,2,IF(INDEX($D7:$K7,IF(M7=1,2,1))&INDEX($D7:$K7,IF(M7=1,2,1)+1)&INDEX($D7:$K7,IF(M7=1,2,1)+2)=AC7,3,IF(AB7<>"",2,IF(ISNUMBER(MATCH(INDEX($D7:$K7,IF(M7=1,2,1)),入力!$AJ$5:$AJ$44,0)),1,IF(ISNUMBER(MATCH(INDEX($D7:$K7,IF(M7=1,2,1))&INDEX($D7:$K7,IF(M7=1,2,1)+1),入力!$AJ$5:$AJ$44,0)),2,IF(ISNUMBER(MATCH(INDEX($D7:$K7,IF(M7=1,2,1))&INDEX($D7:$K7,IF(M7=1,2,1)+1)&INDEX($D7:$K7,IF(M7=1,2,1)+2),入力!$AJ$5:$AJ$44,0)),3,2)))))))
A8: 3-2-3 泉州 一郎 危険物取扱者乙4 令和7年3月14日 | B8: =TRIM(SUBSTITUTE(SUBSTITUTE(SUBSTITUTE(A8,CHAR(9)," ")," "," "),CHAR(160)," ")) | C8: =IF(B8="",0,LEN(B8)-LEN(SUBSTITUTE(B8," ",""))+1) | D8: =IF(C8>=1,TRIM(MID(SUBSTITUTE(B8," ",REPT(" ",200)),1,200)),"") | E8: =IF(C8>=2,TRIM(MID(SUBSTITUTE(B8," ",REPT(" ",200)),201,200)),"") | F8: =IF(C8>=3,TRIM(MID(SUBSTITUTE(B8," ",REPT(" ",200)),401,200)),"") | G8: =IF(C8>=4,TRIM(MID(SUBSTITUTE(B8," ",REPT(" ",200)),601,200)),"") | H8: =IF(C8>=5,TRIM(MID(SUBSTITUTE(B8," ",REPT(" ",200)),801,200)),"") | I8: =IF(C8>=6,TRIM(MID(SUBSTITUTE(B8," ",REPT(" ",200)),1001,200)),"") | J8: =IF(C8>=7,TRIM(MID(SUBSTITUTE(B8," ",REPT(" ",200)),1201,200)),"") | K8: =IF(C8>=8,TRIM(MID(SUBSTITUTE(B8," ",REPT(" ",200)),1401,200)),"") | L8: =SUBSTITUTE(SUBSTITUTE(SUBSTITUTE(D8,"年","-"),"組","-"),"番","") | M8: =IF(D8="",0,IF(ISNUMBER(VALUE(SUBSTITUTE(L8,"-",""))),1,0)) | N8: =IF(M8=0,"",IFERROR(VALUE(TRIM(MID(SUBSTITUTE(L8,"-",REPT(" ",100)),101,100))),"")) | O8: =IF(M8=0,"",IFERROR(VALUE(TRIM(RIGHT(SUBSTITUTE(L8,"-",REPT(" ",100)),100))),"")) | P8: =IF(B8="","",TRIM(INDEX($D8:$K8,IF(M8=1,2,1))&IF(AD8>=2," "&INDEX($D8:$K8,IF(M8=1,2,1)+1),"")&IF(AD8>=3," "&INDEX($D8:$K8,IF(M8=1,2,1)+2),""))) | Q8: =IF(C8<2,"",TRIM(IF(AND(2>=(IF(M8=1,2,1)+AD8),2<=C8-IF(S8="",0,1)),E8&" ","")&IF(AND(3>=(IF(M8=1,2,1)+AD8),3<=C8-IF(S8="",0,1)),F8&" ","")&IF(AND(4>=(IF(M8=1,2,1)+AD8),4<=C8-IF(S8="",0,1)),G8&" ","")&IF(AND(5>=(IF(M8=1,2,1)+AD8),5<=C8-IF(S8="",0,1)),H8&" ","")&IF(AND(6>=(IF(M8=1,2,1)+AD8),6<=C8-IF(S8="",0,1)),I8&" ","")&IF(AND(7>=(IF(M8=1,2,1)+AD8),7<=C8-IF(S8="",0,1)),J8&" ","")&IF(AND(8>=(IF(M8=1,2,1)+AD8),8<=C8-IF(S8="",0,1)),K8&" ",""))) | R8: =IF(Q8="","",IFERROR(INDEX(資格マスタ!$B:$B,MATCH(ASC(SUBSTITUTE(SUBSTITUTE(Q8," ","")," ","")),資格マスタ!$D:$D,0)),Q8)) | S8: =IF(C8<2,"",IFERROR(IF(OR(LEFT(INDEX(D8:K8,MIN(8,MAX(1,C8))),2)="令和",LEFT(INDEX(D8:K8,MIN(8,MAX(1,C8))),2)="平成",LEFT(INDEX(D8:K8,MIN(8,MAX(1,C8))),2)="昭和"),DATE(VALUE(MID(INDEX(D8:K8,MIN(8,MAX(1,C8))),3,FIND("年",INDEX(D8:K8,MIN(8,MAX(1,C8))))-3))+IF(LEFT(INDEX(D8:K8,MIN(8,MAX(1,C8))),2)="令和",2018,IF(LEFT(INDEX(D8:K8,MIN(8,MAX(1,C8))),2)="平成",1988,1925)),VALUE(MID(INDEX(D8:K8,MIN(8,MAX(1,C8))),FIND("年",INDEX(D8:K8,MIN(8,MAX(1,C8))))+1,FIND("月",INDEX(D8:K8,MIN(8,MAX(1,C8))))-FIND("年",INDEX(D8:K8,MIN(8,MAX(1,C8))))-1)),VALUE(SUBSTITUTE(MID(INDEX(D8:K8,MIN(8,MAX(1,C8))),FIND("月",INDEX(D8:K8,MIN(8,MAX(1,C8))))+1,10),"日",""))),DATE(VALUE(TRIM(MID(SUBSTITUTE(AA8,"/",REPT(" ",50)),1,50))),VALUE(TRIM(MID(SUBSTITUTE(AA8,"/",REPT(" ",50)),51,50))),VALUE(TRIM(MID(SUBSTITUTE(AA8,"/",REPT(" ",50)),101,50))))),IFERROR(DATEVALUE(INDEX(D8:K8,MIN(8,MAX(1,C8)))),""))) | T8: =IF(B8="","",IF(AB8<>"",AB8,IFERROR(MATCH(SUBSTITUTE(SUBSTITUTE(P8," ","")," ",""),入力!$AJ$5:$AJ$44,0),""))) | U8: =IF(T8="","",INDEX(入力!$D$5:$D$44,T8)) | V8: =IF(B8="","",IF(T8="","要確認（名簿と照合できません）",IF(R8="","要確認（資格名がありません）",IF(S8="","要確認（取得日が読めません）",IF((IF(INDEX(入力!$N$5:$N$44,T8)=R8,1,0)+IF(INDEX(入力!$P$5:$P$44,T8)=R8,1,0)+IF(INDEX(入力!$R$5:$R$44,T8)=R8,1,0)+IF(INDEX(入力!$T$5:$T$44,T8)=R8,1,0)+IF(INDEX(入力!$V$5:$V$44,T8)=R8,1,0)+IF(INDEX(入力!$X$5:$X$44,T8)=R8,1,0))+(COUNTIFS($T$6:$T$205,T8,$R$6:$R$205,R8,$X$6:$X$205,"<"&X8))>0,"重複","反映"))))) | W8: =IF(V8="反映",1,0) | X8: 8 | Y8: =IF(W8=0,"",COUNTIFS($T$6:$T$205,T8,$W$6:$W$205,1,$S$6:$S$205,"<"&S8)+COUNTIFS($T$6:$T$205,T8,$W$6:$W$205,1,$S$6:$S$205,S8,$X$6:$X$205,"<"&X8)+1) | Z8: =IF(Y8="","",T8&"_"&Y8) | AA8: =SUBSTITUTE(SUBSTITUTE(SUBSTITUTE(SUBSTITUTE(SUBSTITUTE(INDEX(D8:K8,MIN(8,MAX(1,C8))),"年","/"),"月","/"),"日",""),"-","/"),".","/") | AB8: =IFERROR(MATCH(O8,入力!$C$5:$C$44,0),"") | AC8: =IF(AB8="","",INDEX(入力!$AJ$5:$AJ$44,AB8)) | AD8: =IF(INDEX($D8:$K8,IF(M8=1,2,1))=AC8,1,IF(INDEX($D8:$K8,IF(M8=1,2,1))&INDEX($D8:$K8,IF(M8=1,2,1)+1)=AC8,2,IF(INDEX($D8:$K8,IF(M8=1,2,1))&INDEX($D8:$K8,IF(M8=1,2,1)+1)&INDEX($D8:$K8,IF(M8=1,2,1)+2)=AC8,3,IF(AB8<>"",2,IF(ISNUMBER(MATCH(INDEX($D8:$K8,IF(M8=1,2,1)),入力!$AJ$5:$AJ$44,0)),1,IF(ISNUMBER(MATCH(INDEX($D8:$K8,IF(M8=1,2,1))&INDEX($D8:$K8,IF(M8=1,2,1)+1),入力!$AJ$5:$AJ$44,0)),2,IF(ISNUMBER(MATCH(INDEX($D8:$K8,IF(M8=1,2,1))&INDEX($D8:$K8,IF(M8=1,2,1)+1)&INDEX($D8:$K8,IF(M8=1,2,1)+2),入力!$AJ$5:$AJ$44,0)),3,2)))))))
A9: 3-2-2 近畿 花子 技能検定 機械加工（普通旋盤作業）3級 令和7年7月13日 | B9: =TRIM(SUBSTITUTE(SUBSTITUTE(SUBSTITUTE(A9,CHAR(9)," ")," "," "),CHAR(160)," ")) | C9: =IF(B9="",0,LEN(B9)-LEN(SUBSTITUTE(B9," ",""))+1) | D9: =IF(C9>=1,TRIM(MID(SUBSTITUTE(B9," ",REPT(" ",200)),1,200)),"") | E9: =IF(C9>=2,TRIM(MID(SUBSTITUTE(B9," ",REPT(" ",200)),201,200)),"") | F9: =IF(C9>=3,TRIM(MID(SUBSTITUTE(B9," ",REPT(" ",200)),401,200)),"") | G9: =IF(C9>=4,TRIM(MID(SUBSTITUTE(B9," ",REPT(" ",200)),601,200)),"") | H9: =IF(C9>=5,TRIM(MID(SUBSTITUTE(B9," ",REPT(" ",200)),801,200)),"") | I9: =IF(C9>=6,TRIM(MID(SUBSTITUTE(B9," ",REPT(" ",200)),1001,200)),"") | J9: =IF(C9>=7,TRIM(MID(SUBSTITUTE(B9," ",REPT(" ",200)),1201,200)),"") | K9: =IF(C9>=8,TRIM(MID(SUBSTITUTE(B9," ",REPT(" ",200)),1401,200)),"") | L9: =SUBSTITUTE(SUBSTITUTE(SUBSTITUTE(D9,"年","-"),"組","-"),"番","") | M9: =IF(D9="",0,IF(ISNUMBER(VALUE(SUBSTITUTE(L9,"-",""))),1,0)) | N9: =IF(M9=0,"",IFERROR(VALUE(TRIM(MID(SUBSTITUTE(L9,"-",REPT(" ",100)),101,100))),"")) | O9: =IF(M9=0,"",IFERROR(VALUE(TRIM(RIGHT(SUBSTITUTE(L9,"-",REPT(" ",100)),100))),"")) | P9: =IF(B9="","",TRIM(INDEX($D9:$K9,IF(M9=1,2,1))&IF(AD9>=2," "&INDEX($D9:$K9,IF(M9=1,2,1)+1),"")&IF(AD9>=3," "&INDEX($D9:$K9,IF(M9=1,2,1)+2),""))) | Q9: =IF(C9<2,"",TRIM(IF(AND(2>=(IF(M9=1,2,1)+AD9),2<=C9-IF(S9="",0,1)),E9&" ","")&IF(AND(3>=(IF(M9=1,2,1)+AD9),3<=C9-IF(S9="",0,1)),F9&" ","")&IF(AND(4>=(IF(M9=1,2,1)+AD9),4<=C9-IF(S9="",0,1)),G9&" ","")&IF(AND(5>=(IF(M9=1,2,1)+AD9),5<=C9-IF(S9="",0,1)),H9&" ","")&IF(AND(6>=(IF(M9=1,2,1)+AD9),6<=C9-IF(S9="",0,1)),I9&" ","")&IF(AND(7>=(IF(M9=1,2,1)+AD9),7<=C9-IF(S9="",0,1)),J9&" ","")&IF(AND(8>=(IF(M9=1,2,1)+AD9),8<=C9-IF(S9="",0,1)),K9&" ",""))) | R9: =IF(Q9="","",IFERROR(INDEX(資格マスタ!$B:$B,MATCH(ASC(SUBSTITUTE(SUBSTITUTE(Q9," ","")," ","")),資格マスタ!$D:$D,0)),Q9)) | S9: =IF(C9<2,"",IFERROR(IF(OR(LEFT(INDEX(D9:K9,MIN(8,MAX(1,C9))),2)="令和",LEFT(INDEX(D9:K9,MIN(8,MAX(1,C9))),2)="平成",LEFT(INDEX(D9:K9,MIN(8,MAX(1,C9))),2)="昭和"),DATE(VALUE(MID(INDEX(D9:K9,MIN(8,MAX(1,C9))),3,FIND("年",INDEX(D9:K9,MIN(8,MAX(1,C9))))-3))+IF(LEFT(INDEX(D9:K9,MIN(8,MAX(1,C9))),2)="令和",2018,IF(LEFT(INDEX(D9:K9,MIN(8,MAX(1,C9))),2)="平成",1988,1925)),VALUE(MID(INDEX(D9:K9,MIN(8,MAX(1,C9))),FIND("年",INDEX(D9:K9,MIN(8,MAX(1,C9))))+1,FIND("月",INDEX(D9:K9,MIN(8,MAX(1,C9))))-FIND("年",INDEX(D9:K9,MIN(8,MAX(1,C9))))-1)),VALUE(SUBSTITUTE(MID(INDEX(D9:K9,MIN(8,MAX(1,C9))),FIND("月",INDEX(D9:K9,MIN(8,MAX(1,C9))))+1,10),"日",""))),DATE(VALUE(TRIM(MID(SUBSTITUTE(AA9,"/",REPT(" ",50)),1,50))),VALUE(TRIM(MID(SUBSTITUTE(AA9,"/",REPT(" ",50)),51,50))),VALUE(TRIM(MID(SUBSTITUTE(AA9,"/",REPT(" ",50)),101,50))))),IFERROR(DATEVALUE(INDEX(D9:K9,MIN(8,MAX(1,C9)))),""))) | T9: =IF(B9="","",IF(AB9<>"",AB9,IFERROR(MATCH(SUBSTITUTE(SUBSTITUTE(P9," ","")," ",""),入力!$AJ$5:$AJ$44,0),""))) | U9: =IF(T9="","",INDEX(入力!$D$5:$D$44,T9)) | V9: =IF(B9="","",IF(T9="","要確認（名簿と照合できません）",IF(R9="","要確認（資格名がありません）",IF(S9="","要確認（取得日が読めません）",IF((IF(INDEX(入力!$N$5:$N$44,T9)=R9,1,0)+IF(INDEX(入力!$P$5:$P$44,T9)=R9,1,0)+IF(INDEX(入力!$R$5:$R$44,T9)=R9,1,0)+IF(INDEX(入力!$T$5:$T$44,T9)=R9,1,0)+IF(INDEX(入力!$V$5:$V$44,T9)=R9,1,0)+IF(INDEX(入力!$X$5:$X$44,T9)=R9,1,0))+(COUNTIFS($T$6:$T$205,T9,$R$6:$R$205,R9,$X$6:$X$205,"<"&X9))>0,"重複","反映"))))) | W9: =IF(V9="反映",1,0) | X9: 9 | Y9: =IF(W9=0,"",COUNTIFS($T$6:$T$205,T9,$W$6:$W$205,1,$S$6:$S$205,"<"&S9)+COUNTIFS($T$6:$T$205,T9,$W$6:$W$205,1,$S$6:$S$205,S9,$X$6:$X$205,"<"&X9)+1) | Z9: =IF(Y9="","",T9&"_"&Y9) | AA9: =SUBSTITUTE(SUBSTITUTE(SUBSTITUTE(SUBSTITUTE(SUBSTITUTE(INDEX(D9:K9,MIN(8,MAX(1,C9))),"年","/"),"月","/"),"日",""),"-","/"),".","/") | AB9: =IFERROR(MATCH(O9,入力!$C$5:$C$44,0),"") | AC9: =IF(AB9="","",INDEX(入力!$AJ$5:$AJ$44,AB9)) | AD9: =IF(INDEX($D9:$K9,IF(M9=1,2,1))=AC9,1,IF(INDEX($D9:$K9,IF(M9=1,2,1))&INDEX($D9:$K9,IF(M9=1,2,1)+1)=AC9,2,IF(INDEX($D9:$K9,IF(M9=1,2,1))&INDEX($D9:$K9,IF(M9=1,2,1)+1)&INDEX($D9:$K9,IF(M9=1,2,1)+2)=AC9,3,IF(AB9<>"",2,IF(ISNUMBER(MATCH(INDEX($D9:$K9,IF(M9=1,2,1)),入力!$AJ$5:$AJ$44,0)),1,IF(ISNUMBER(MATCH(INDEX($D9:$K9,IF(M9=1,2,1))&INDEX($D9:$K9,IF(M9=1,2,1)+1),入力!$AJ$5:$AJ$44,0)),2,IF(ISNUMBER(MATCH(INDEX($D9:$K9,IF(M9=1,2,1))&INDEX($D9:$K9,IF(M9=1,2,1)+1)&INDEX($D9:$K9,IF(M9=1,2,1)+2),入力!$AJ$5:$AJ$44,0)),3,2)))))))
B10: =TRIM(SUBSTITUTE(SUBSTITUTE(SUBSTITUTE(A10,CHAR(9)," ")," "," "),CHAR(160)," ")) | C10: =IF(B10="",0,LEN(B10)-LEN(SUBSTITUTE(B10," ",""))+1) | D10: =IF(C10>=1,TRIM(MID(SUBSTITUTE(B10," ",REPT(" ",200)),1,200)),"") | E10: =IF(C10>=2,TRIM(MID(SUBSTITUTE(B10," ",REPT(" ",200)),201,200)),"") | F10: =IF(C10>=3,TRIM(MID(SUBSTITUTE(B10," ",REPT(" ",200)),401,200)),"") | G10: =IF(C10>=4,TRIM(MID(SUBSTITUTE(B10," ",REPT(" ",200)),601,200)),"") | H10: =IF(C10>=5,TRIM(MID(SUBSTITUTE(B10," ",REPT(" ",200)),801,200)),"") | I10: =IF(C10>=6,TRIM(MID(SUBSTITUTE(B10," ",REPT(" ",200)),1001,200)),"") | J10: =IF(C10>=7,TRIM(MID(SUBSTITUTE(B10," ",REPT(" ",200)),1201,200)),"") | K10: =IF(C10>=8,TRIM(MID(SUBSTITUTE(B10," ",REPT(" ",200)),1401,200)),"") | L10: =SUBSTITUTE(SUBSTITUTE(SUBSTITUTE(D10,"年","-"),"組","-"),"番","") | M10: =IF(D10="",0,IF(ISNUMBER(VALUE(SUBSTITUTE(L10,"-",""))),1,0)) | N10: =IF(M10=0,"",IFERROR(VALUE(TRIM(MID(SUBSTITUTE(L10,"-",REPT(" ",100)),101,100))),"")) | O10: =IF(M10=0,"",IFERROR(VALUE(TRIM(RIGHT(SUBSTITUTE(L10,"-",REPT(" ",100)),100))),"")) | P10: =IF(B10="","",TRIM(INDEX($D10:$K10,IF(M10=1,2,1))&IF(AD10>=2," "&INDEX($D10:$K10,IF(M10=1,2,1)+1),"")&IF(AD10>=3," "&INDEX($D10:$K10,IF(M10=1,2,1)+2),""))) | Q10: =IF(C10<2,"",TRIM(IF(AND(2>=(IF(M10=1,2,1)+AD10),2<=C10-IF(S10="",0,1)),E10&" ","")&IF(AND(3>=(IF(M10=1,2,1)+AD10),3<=C10-IF(S10="",0,1)),F10&" ","")&IF(AND(4>=(IF(M10=1,2,1)+AD10),4<=C10-IF(S10="",0,1)),G10&" ","")&IF(AND(5>=(IF(M10=1,2,1)+AD10),5<=C10-IF(S10="",0,1)),H10&" ","")&IF(AND(6>=(IF(M10=1,2,1)+AD10),6<=C10-IF(S10="",0,1)),I10&" ","")&IF(AND(7>=(IF(M10=1,2,1)+AD10),7<=C10-IF(S10="",0,1)),J10&" ","")&IF(AND(8>=(IF(M10=1,2,1)+AD10),8<=C10-IF(S10="",0,1)),K10&" ",""))) | R10: =IF(Q10="","",IFERROR(INDEX(資格マスタ!$B:$B,MATCH(ASC(SUBSTITUTE(SUBSTITUTE(Q10," ","")," ","")),資格マスタ!$D:$D,0)),Q10)) | S10: =IF(C10<2,"",IFERROR(IF(OR(LEFT(INDEX(D10:K10,MIN(8,MAX(1,C10))),2)="令和",LEFT(INDEX(D10:K10,MIN(8,MAX(1,C10))),2)="平成",LEFT(INDEX(D10:K10,MIN(8,MAX(1,C10))),2)="昭和"),DATE(VALUE(MID(INDEX(D10:K10,MIN(8,MAX(1,C10))),3,FIND("年",INDEX(D10:K10,MIN(8,MAX(1,C10))))-3))+IF(LEFT(INDEX(D10:K10,MIN(8,MAX(1,C10))),2)="令和",2018,IF(LEFT(INDEX(D10:K10,MIN(8,MAX(1,C10))),2)="平成",1988,1925)),VALUE(MID(INDEX(D10:K10,MIN(8,MAX(1,C10))),FIND("年",INDEX(D10:K10,MIN(8,MAX(1,C10))))+1,FIND("月",INDEX(D10:K10,MIN(8,MAX(1,C10))))-FIND("年",INDEX(D10:K10,MIN(8,MAX(1,C10))))-1)),VALUE(SUBSTITUTE(MID(INDEX(D10:K10,MIN(8,MAX(1,C10))),FIND("月",INDEX(D10:K10,MIN(8,MAX(1,C10))))+1,10),"日",""))),DATE(VALUE(TRIM(MID(SUBSTITUTE(AA10,"/",REPT(" ",50)),1,50))),VALUE(TRIM(MID(SUBSTITUTE(AA10,"/",REPT(" ",50)),51,50))),VALUE(TRIM(MID(SUBSTITUTE(AA10,"/",REPT(" ",50)),101,50))))),IFERROR(DATEVALUE(INDEX(D10:K10,MIN(8,MAX(1,C10)))),""))) | T10: =IF(B10="","",IF(AB10<>"",AB10,IFERROR(MATCH(SUBSTITUTE(SUBSTITUTE(P10," ","")," ",""),入力!$AJ$5:$AJ$44,0),""))) | U10: =IF(T10="","",INDEX(入力!$D$5:$D$44,T10)) | V10: =IF(B10="","",IF(T10="","要確認（名簿と照合できません）",IF(R10="","要確認（資格名がありません）",IF(S10="","要確認（取得日が読めません）",IF((IF(INDEX(入力!$N$5:$N$44,T10)=R10,1,0)+IF(INDEX(入力!$P$5:$P$44,T10)=R10,1,0)+IF(INDEX(入力!$R$5:$R$44,T10)=R10,1,0)+IF(INDEX(入力!$T$5:$T$44,T10)=R10,1,0)+IF(INDEX(入力!$V$5:$V$44,T10)=R10,1,0)+IF(INDEX(入力!$X$5:$X$44,T10)=R10,1,0))+(COUNTIFS($T$6:$T$205,T10,$R$6:$R$205,R10,$X$6:$X$205,"<"&X10))>0,"重複","反映"))))) | W10: =IF(V10="反映",1,0) | X10: 10 | Y10: =IF(W10=0,"",COUNTIFS($T$6:$T$205,T10,$W$6:$W$205,1,$S$6:$S$205,"<"&S10)+COUNTIFS($T$6:$T$205,T10,$W$6:$W$205,1,$S$6:$S$205,S10,$X$6:$X$205,"<"&X10)+1) | Z10: =IF(Y10="","",T10&"_"&Y10) | AA10: =SUBSTITUTE(SUBSTITUTE(SUBSTITUTE(SUBSTITUTE(SUBSTITUTE(INDEX(D10:K10,MIN(8,MAX(1,C10))),"年","/"),"月","/"),"日",""),"-","/"),".","/") | AB10: =IFERROR(MATCH(O10,入力!$C$5:$C$44,0),"") | AC10: =IF(AB10="","",INDEX(入力!$AJ$5:$AJ$44,AB10)) | AD10: =IF(INDEX($D10:$K10,IF(M10=1,2,1))=AC10,1,IF(INDEX($D10:$K10,IF(M10=1,2,1))&INDEX($D10:$K10,IF(M10=1,2,1)+1)=AC10,2,IF(INDEX($D10:$K10,IF(M10=1,2,1))&INDEX($D10:$K10,IF(M10=1,2,1)+1)&INDEX($D10:$K10,IF(M10=1,2,1)+2)=AC10,3,IF(AB10<>"",2,IF(ISNUMBER(MATCH(INDEX($D10:$K10,IF(M10=1,2,1)),入力!$AJ$5:$AJ$44,0)),1,IF(ISNUMBER(MATCH(INDEX($D10:$K10,IF(M10=1,2,1))&INDEX($D10:$K10,IF(M10=1,2,1)+1),入力!$AJ$5:$AJ$44,0)),2,IF(ISNUMBER(MATCH(INDEX($D10:$K10,IF(M10=1,2,1))&INDEX($D10:$K10,IF(M10=1,2,1)+1)&INDEX($D10:$K10,IF(M10=1,2,1)+2),入力!$AJ$5:$AJ$44,0)),3,2)))))))
B11: =TRIM(SUBSTITUTE(SUBSTITUTE(SUBSTITUTE(A11,CHAR(9)," ")," "," "),CHAR(160)," ")) | C11: =IF(B11="",0,LEN(B11)-LEN(SUBSTITUTE(B11," ",""))+1) | D11: =IF(C11>=1,TRIM(MID(SUBSTITUTE(B11," ",REPT(" ",200)),1,200)),"") | E11: =IF(C11>=2,TRIM(MID(SUBSTITUTE(B11," ",REPT(" ",200)),201,200)),"") | F11: =IF(C11>=3,TRIM(MID(SUBSTITUTE(B11," ",REPT(" ",200)),401,200)),"") | G11: =IF(C11>=4,TRIM(MID(SUBSTITUTE(B11," ",REPT(" ",200)),601,200)),"") | H11: =IF(C11>=5,TRIM(MID(SUBSTITUTE(B11," ",REPT(" ",200)),801,200)),"") | I11: =IF(C11>=6,TRIM(MID(SUBSTITUTE(B11," ",REPT(" ",200)),1001,200)),"") | J11: =IF(C11>=7,TRIM(MID(SUBSTITUTE(B11," ",REPT(" ",200)),1201,200)),"") | K11: =IF(C11>=8,TRIM(MID(SUBSTITUTE(B11," ",REPT(" ",200)),1401,200)),"") | L11: =SUBSTITUTE(SUBSTITUTE(SUBSTITUTE(D11,"年","-"),"組","-"),"番","") | M11: =IF(D11="",0,IF(ISNUMBER(VALUE(SUBSTITUTE(L11,"-",""))),1,0)) | N11: =IF(M11=0,"",IFERROR(VALUE(TRIM(MID(SUBSTITUTE(L11,"-",REPT(" ",100)),101,100))),"")) | O11: =IF(M11=0,"",IFERROR(VALUE(TRIM(RIGHT(SUBSTITUTE(L11,"-",REPT(" ",100)),100))),"")) | P11: =IF(B11="","",TRIM(INDEX($D11:$K11,IF(M11=1,2,1))&IF(AD11>=2," "&INDEX($D11:$K11,IF(M11=1,2,1)+1),"")&IF(AD11>=3," "&INDEX($D11:$K11,IF(M11=1,2,1)+2),""))) | Q11: =IF(C11<2,"",TRIM(IF(AND(2>=(IF(M11=1,2,1)+AD11),2<=C11-IF(S11="",0,1)),E11&" ","")&IF(AND(3>=(IF(M11=1,2,1)+AD11),3<=C11-IF(S11="",0,1)),F11&" ","")&IF(AND(4>=(IF(M11=1,2,1)+AD11),4<=C11-IF(S11="",0,1)),G11&" ","")&IF(AND(5>=(IF(M11=1,2,1)+AD11),5<=C11-IF(S11="",0,1)),H11&" ","")&IF(AND(6>=(IF(M11=1,2,1)+AD11),6<=C11-IF(S11="",0,1)),I11&" ","")&IF(AND(7>=(IF(M11=1,2,1)+AD11),7<=C11-IF(S11="",0,1)),J11&" ","")&IF(AND(8>=(IF(M11=1,2,1)+AD11),8<=C11-IF(S11="",0,1)),K11&" ",""))) | R11: =IF(Q11="","",IFERROR(INDEX(資格マスタ!$B:$B,MATCH(ASC(SUBSTITUTE(SUBSTITUTE(Q11," ","")," ","")),資格マスタ!$D:$D,0)),Q11)) | S11: =IF(C11<2,"",IFERROR(IF(OR(LEFT(INDEX(D11:K11,MIN(8,MAX(1,C11))),2)="令和",LEFT(INDEX(D11:K11,MIN(8,MAX(1,C11))),2)="平成",LEFT(INDEX(D11:K11,MIN(8,MAX(1,C11))),2)="昭和"),DATE(VALUE(MID(INDEX(D11:K11,MIN(8,MAX(1,C11))),3,FIND("年",INDEX(D11:K11,MIN(8,MAX(1,C11))))-3))+IF(LEFT(INDEX(D11:K11,MIN(8,MAX(1,C11))),2)="令和",2018,IF(LEFT(INDEX(D11:K11,MIN(8,MAX(1,C11))),2)="平成",1988,1925)),VALUE(MID(INDEX(D11:K11,MIN(8,MAX(1,C11))),FIND("年",INDEX(D11:K11,MIN(8,MAX(1,C11))))+1,FIND("月",INDEX(D11:K11,MIN(8,MAX(1,C11))))-FIND("年",INDEX(D11:K11,MIN(8,MAX(1,C11))))-1)),VALUE(SUBSTITUTE(MID(INDEX(D11:K11,MIN(8,MAX(1,C11))),FIND("月",INDEX(D11:K11,MIN(8,MAX(1,C11))))+1,10),"日",""))),DATE(VALUE(TRIM(MID(SUBSTITUTE(AA11,"/",REPT(" ",50)),1,50))),VALUE(TRIM(MID(SUBSTITUTE(AA11,"/",REPT(" ",50)),51,50))),VALUE(TRIM(MID(SUBSTITUTE(AA11,"/",REPT(" ",50)),101,50))))),IFERROR(DATEVALUE(INDEX(D11:K11,MIN(8,MAX(1,C11)))),""))) | T11: =IF(B11="","",IF(AB11<>"",AB11,IFERROR(MATCH(SUBSTITUTE(SUBSTITUTE(P11," ","")," ",""),入力!$AJ$5:$AJ$44,0),""))) | U11: =IF(T11="","",INDEX(入力!$D$5:$D$44,T11)) | V11: =IF(B11="","",IF(T11="","要確認（名簿と照合できません）",IF(R11="","要確認（資格名がありません）",IF(S11="","要確認（取得日が読めません）",IF((IF(INDEX(入力!$N$5:$N$44,T11)=R11,1,0)+IF(INDEX(入力!$P$5:$P$44,T11)=R11,1,0)+IF(INDEX(入力!$R$5:$R$44,T11)=R11,1,0)+IF(INDEX(入力!$T$5:$T$44,T11)=R11,1,0)+IF(INDEX(入力!$V$5:$V$44,T11)=R11,1,0)+IF(INDEX(入力!$X$5:$X$44,T11)=R11,1,0))+(COUNTIFS($T$6:$T$205,T11,$R$6:$R$205,R11,$X$6:$X$205,"<"&X11))>0,"重複","反映"))))) | W11: =IF(V11="反映",1,0) | X11: 11 | Y11: =IF(W11=0,"",COUNTIFS($T$6:$T$205,T11,$W$6:$W$205,1,$S$6:$S$205,"<"&S11)+COUNTIFS($T$6:$T$205,T11,$W$6:$W$205,1,$S$6:$S$205,S11,$X$6:$X$205,"<"&X11)+1) | Z11: =IF(Y11="","",T11&"_"&Y11) | AA11: =SUBSTITUTE(SUBSTITUTE(SUBSTITUTE(SUBSTITUTE(SUBSTITUTE(INDEX(D11:K11,MIN(8,MAX(1,C11))),"年","/"),"月","/"),"日",""),"-","/"),".","/") | AB11: =IFERROR(MATCH(O11,入力!$C$5:$C$44,0),"") | AC11: =IF(AB11="","",INDEX(入力!$AJ$5:$AJ$44,AB11)) | AD11: =IF(INDEX($D11:$K11,IF(M11=1,2,1))=AC11,1,IF(INDEX($D11:$K11,IF(M11=1,2,1))&INDEX($D11:$K11,IF(M11=1,2,1)+1)=AC11,2,IF(INDEX($D11:$K11,IF(M11=1,2,1))&INDEX($D11:$K11,IF(M11=1,2,1)+1)&INDEX($D11:$K11,IF(M11=1,2,1)+2)=AC11,3,IF(AB11<>"",2,IF(ISNUMBER(MATCH(INDEX($D11:$K11,IF(M11=1,2,1)),入力!$AJ$5:$AJ$44,0)),1,IF(ISNUMBER(MATCH(INDEX($D11:$K11,IF(M11=1,2,1))&INDEX($D11:$K11,IF(M11=1,2,1)+1),入力!$AJ$5:$AJ$44,0)),2,IF(ISNUMBER(MATCH(INDEX($D11:$K11,IF(M11=1,2,1))&INDEX($D11:$K11,IF(M11=1,2,1)+1)&INDEX($D11:$K11,IF(M11=1,2,1)+2),入力!$AJ$5:$AJ$44,0)),3,2)))))))
B12: =TRIM(SUBSTITUTE(SUBSTITUTE(SUBSTITUTE(A12,CHAR(9)," ")," "," "),CHAR(160)," ")) | C12: =IF(B12="",0,LEN(B12)-LEN(SUBSTITUTE(B12," ",""))+1) | D12: =IF(C12>=1,TRIM(MID(SUBSTITUTE(B12," ",REPT(" ",200)),1,200)),"") | E12: =IF(C12>=2,TRIM(MID(SUBSTITUTE(B12," ",REPT(" ",200)),201,200)),"") | F12: =IF(C12>=3,TRIM(MID(SUBSTITUTE(B12," ",REPT(" ",200)),401,200)),"") | G12: =IF(C12>=4,TRIM(MID(SUBSTITUTE(B12," ",REPT(" ",200)),601,200)),"") | H12: =IF(C12>=5,TRIM(MID(SUBSTITUTE(B12," ",REPT(" ",200)),801,200)),"") | I12: =IF(C12>=6,TRIM(MID(SUBSTITUTE(B12," ",REPT(" ",200)),1001,200)),"") | J12: =IF(C12>=7,TRIM(MID(SUBSTITUTE(B12," ",REPT(" ",200)),1201,200)),"") | K12: =IF(C12>=8,TRIM(MID(SUBSTITUTE(B12," ",REPT(" ",200)),1401,200)),"") | L12: =SUBSTITUTE(SUBSTITUTE(SUBSTITUTE(D12,"年","-"),"組","-"),"番","") | M12: =IF(D12="",0,IF(ISNUMBER(VALUE(SUBSTITUTE(L12,"-",""))),1,0)) | N12: =IF(M12=0,"",IFERROR(VALUE(TRIM(MID(SUBSTITUTE(L12,"-",REPT(" ",100)),101,100))),"")) | O12: =IF(M12=0,"",IFERROR(VALUE(TRIM(RIGHT(SUBSTITUTE(L12,"-",REPT(" ",100)),100))),"")) | P12: =IF(B12="","",TRIM(INDEX($D12:$K12,IF(M12=1,2,1))&IF(AD12>=2," "&INDEX($D12:$K12,IF(M12=1,2,1)+1),"")&IF(AD12>=3," "&INDEX($D12:$K12,IF(M12=1,2,1)+2),""))) | Q12: =IF(C12<2,"",TRIM(IF(AND(2>=(IF(M12=1,2,1)+AD12),2<=C12-IF(S12="",0,1)),E12&" ","")&IF(AND(3>=(IF(M12=1,2,1)+AD12),3<=C12-IF(S12="",0,1)),F12&" ","")&IF(AND(4>=(IF(M12=1,2,1)+AD12),4<=C12-IF(S12="",0,1)),G12&" ","")&IF(AND(5>=(IF(M12=1,2,1)+AD12),5<=C12-IF(S12="",0,1)),H12&" ","")&IF(AND(6>=(IF(M12=1,2,1)+AD12),6<=C12-IF(S12="",0,1)),I12&" ","")&IF(AND(7>=(IF(M12=1,2,1)+AD12),7<=C12-IF(S12="",0,1)),J12&" ","")&IF(AND(8>=(IF(M12=1,2,1)+AD12),8<=C12-IF(S12="",0,1)),K12&" ",""))) | R12: =IF(Q12="","",IFERROR(INDEX(資格マスタ!$B:$B,MATCH(ASC(SUBSTITUTE(SUBSTITUTE(Q12," ","")," ","")),資格マスタ!$D:$D,0)),Q12)) | S12: =IF(C12<2,"",IFERROR(IF(OR(LEFT(INDEX(D12:K12,MIN(8,MAX(1,C12))),2)="令和",LEFT(INDEX(D12:K12,MIN(8,MAX(1,C12))),2)="平成",LEFT(INDEX(D12:K12,MIN(8,MAX(1,C12))),2)="昭和"),DATE(VALUE(MID(INDEX(D12:K12,MIN(8,MAX(1,C12))),3,FIND("年",INDEX(D12:K12,MIN(8,MAX(1,C12))))-3))+IF(LEFT(INDEX(D12:K12,MIN(8,MAX(1,C12))),2)="令和",2018,IF(LEFT(INDEX(D12:K12,MIN(8,MAX(1,C12))),2)="平成",1988,1925)),VALUE(MID(INDEX(D12:K12,MIN(8,MAX(1,C12))),FIND("年",INDEX(D12:K12,MIN(8,MAX(1,C12))))+1,FIND("月",INDEX(D12:K12,MIN(8,MAX(1,C12))))-FIND("年",INDEX(D12:K12,MIN(8,MAX(1,C12))))-1)),VALUE(SUBSTITUTE(MID(INDEX(D12:K12,MIN(8,MAX(1,C12))),FIND("月",INDEX(D12:K12,MIN(8,MAX(1,C12))))+1,10),"日",""))),DATE(VALUE(TRIM(MID(SUBSTITUTE(AA12,"/",REPT(" ",50)),1,50))),VALUE(TRIM(MID(SUBSTITUTE(AA12,"/",REPT(" ",50)),51,50))),VALUE(TRIM(MID(SUBSTITUTE(AA12,"/",REPT(" ",50)),101,50))))),IFERROR(DATEVALUE(INDEX(D12:K12,MIN(8,MAX(1,C12)))),""))) | T12: =IF(B12="","",IF(AB12<>"",AB12,IFERROR(MATCH(SUBSTITUTE(SUBSTITUTE(P12," ","")," ",""),入力!$AJ$5:$AJ$44,0),""))) | U12: =IF(T12="","",INDEX(入力!$D$5:$D$44,T12)) | V12: =IF(B12="","",IF(T12="","要確認（名簿と照合できません）",IF(R12="","要確認（資格名がありません）",IF(S12="","要確認（取得日が読めません）",IF((IF(INDEX(入力!$N$5:$N$44,T12)=R12,1,0)+IF(INDEX(入力!$P$5:$P$44,T12)=R12,1,0)+IF(INDEX(入力!$R$5:$R$44,T12)=R12,1,0)+IF(INDEX(入力!$T$5:$T$44,T12)=R12,1,0)+IF(INDEX(入力!$V$5:$V$44,T12)=R12,1,0)+IF(INDEX(入力!$X$5:$X$44,T12)=R12,1,0))+(COUNTIFS($T$6:$T$205,T12,$R$6:$R$205,R12,$X$6:$X$205,"<"&X12))>0,"重複","反映"))))) | W12: =IF(V12="反映",1,0) | X12: 12 | Y12: =IF(W12=0,"",COUNTIFS($T$6:$T$205,T12,$W$6:$W$205,1,$S$6:$S$205,"<"&S12)+COUNTIFS($T$6:$T$205,T12,$W$6:$W$205,1,$S$6:$S$205,S12,$X$6:$X$205,"<"&X12)+1) | Z12: =IF(Y12="","",T12&"_"&Y12) | AA12: =SUBSTITUTE(SUBSTITUTE(SUBSTITUTE(SUBSTITUTE(SUBSTITUTE(INDEX(D12:K12,MIN(8,MAX(1,C12))),"年","/"),"月","/"),"日",""),"-","/"),".","/") | AB12: =IFERROR(MATCH(O12,入力!$C$5:$C$44,0),"") | AC12: =IF(AB12="","",INDEX(入力!$AJ$5:$AJ$44,AB12)) | AD12: =IF(INDEX($D12:$K12,IF(M12=1,2,1))=AC12,1,IF(INDEX($D12:$K12,IF(M12=1,2,1))&INDEX($D12:$K12,IF(M12=1,2,1)+1)=AC12,2,IF(INDEX($D12:$K12,IF(M12=1,2,1))&INDEX($D12:$K12,IF(M12=1,2,1)+1)&INDEX($D12:$K12,IF(M12=1,2,1)+2)=AC12,3,IF(AB12<>"",2,IF(ISNUMBER(MATCH(INDEX($D12:$K12,IF(M12=1,2,1)),入力!$AJ$5:$AJ$44,0)),1,IF(ISNUMBER(MATCH(INDEX($D12:$K12,IF(M12=1,2,1))&INDEX($D12:$K12,IF(M12=1,2,1)+1),入力!$AJ$5:$AJ$44,0)),2,IF(ISNUMBER(MATCH(INDEX($D12:$K12,IF(M12=1,2,1))&INDEX($D12:$K12,IF(M12=1,2,1)+1)&INDEX($D12:$K12,IF(M12=1,2,1)+2),入力!$AJ$5:$AJ$44,0)),3,2)))))))
B13: =TRIM(SUBSTITUTE(SUBSTITUTE(SUBSTITUTE(A13,CHAR(9)," ")," "," "),CHAR(160)," ")) | C13: =IF(B13="",0,LEN(B13)-LEN(SUBSTITUTE(B13," ",""))+1) | D13: =IF(C13>=1,TRIM(MID(SUBSTITUTE(B13," ",REPT(" ",200)),1,200)),"") | E13: =IF(C13>=2,TRIM(MID(SUBSTITUTE(B13," ",REPT(" ",200)),201,200)),"") | F13: =IF(C13>=3,TRIM(MID(SUBSTITUTE(B13," ",REPT(" ",200)),401,200)),"") | G13: =IF(C13>=4,TRIM(MID(SUBSTITUTE(B13," ",REPT(" ",200)),601,200)),"") | H13: =IF(C13>=5,TRIM(MID(SUBSTITUTE(B13," ",REPT(" ",200)),801,200)),"") | I13: =IF(C13>=6,TRIM(MID(SUBSTITUTE(B13," ",REPT(" ",200)),1001,200)),"") | J13: =IF(C13>=7,TRIM(MID(SUBSTITUTE(B13," ",REPT(" ",200)),1201,200)),"") | K13: =IF(C13>=8,TRIM(MID(SUBSTITUTE(B13," ",REPT(" ",200)),1401,200)),"") | L13: =SUBSTITUTE(SUBSTITUTE(SUBSTITUTE(D13,"年","-"),"組","-"),"番","") | M13: =IF(D13="",0,IF(ISNUMBER(VALUE(SUBSTITUTE(L13,"-",""))),1,0)) | N13: =IF(M13=0,"",IFERROR(VALUE(TRIM(MID(SUBSTITUTE(L13,"-",REPT(" ",100)),101,100))),"")) | O13: =IF(M13=0,"",IFERROR(VALUE(TRIM(RIGHT(SUBSTITUTE(L13,"-",REPT(" ",100)),100))),"")) | P13: =IF(B13="","",TRIM(INDEX($D13:$K13,IF(M13=1,2,1))&IF(AD13>=2," "&INDEX($D13:$K13,IF(M13=1,2,1)+1),"")&IF(AD13>=3," "&INDEX($D13:$K13,IF(M13=1,2,1)+2),""))) | Q13: =IF(C13<2,"",TRIM(IF(AND(2>=(IF(M13=1,2,1)+AD13),2<=C13-IF(S13="",0,1)),E13&" ","")&IF(AND(3>=(IF(M13=1,2,1)+AD13),3<=C13-IF(S13="",0,1)),F13&" ","")&IF(AND(4>=(IF(M13=1,2,1)+AD13),4<=C13-IF(S13="",0,1)),G13&" ","")&IF(AND(5>=(IF(M13=1,2,1)+AD13),5<=C13-IF(S13="",0,1)),H13&" ","")&IF(AND(6>=(IF(M13=1,2,1)+AD13),6<=C13-IF(S13="",0,1)),I13&" ","")&IF(AND(7>=(IF(M13=1,2,1)+AD13),7<=C13-IF(S13="",0,1)),J13&" ","")&IF(AND(8>=(IF(M13=1,2,1)+AD13),8<=C13-IF(S13="",0,1)),K13&" ",""))) | R13: =IF(Q13="","",IFERROR(INDEX(資格マスタ!$B:$B,MATCH(ASC(SUBSTITUTE(SUBSTITUTE(Q13," ","")," ","")),資格マスタ!$D:$D,0)),Q13)) | S13: =IF(C13<2,"",IFERROR(IF(OR(LEFT(INDEX(D13:K13,MIN(8,MAX(1,C13))),2)="令和",LEFT(INDEX(D13:K13,MIN(8,MAX(1,C13))),2)="平成",LEFT(INDEX(D13:K13,MIN(8,MAX(1,C13))),2)="昭和"),DATE(VALUE(MID(INDEX(D13:K13,MIN(8,MAX(1,C13))),3,FIND("年",INDEX(D13:K13,MIN(8,MAX(1,C13))))-3))+IF(LEFT(INDEX(D13:K13,MIN(8,MAX(1,C13))),2)="令和",2018,IF(LEFT(INDEX(D13:K13,MIN(8,MAX(1,C13))),2)="平成",1988,1925)),VALUE(MID(INDEX(D13:K13,MIN(8,MAX(1,C13))),FIND("年",INDEX(D13:K13,MIN(8,MAX(1,C13))))+1,FIND("月",INDEX(D13:K13,MIN(8,MAX(1,C13))))-FIND("年",INDEX(D13:K13,MIN(8,MAX(1,C13))))-1)),VALUE(SUBSTITUTE(MID(INDEX(D13:K13,MIN(8,MAX(1,C13))),FIND("月",INDEX(D13:K13,MIN(8,MAX(1,C13))))+1,10),"日",""))),DATE(VALUE(TRIM(MID(SUBSTITUTE(AA13,"/",REPT(" ",50)),1,50))),VALUE(TRIM(MID(SUBSTITUTE(AA13,"/",REPT(" ",50)),51,50))),VALUE(TRIM(MID(SUBSTITUTE(AA13,"/",REPT(" ",50)),101,50))))),IFERROR(DATEVALUE(INDEX(D13:K13,MIN(8,MAX(1,C13)))),""))) | T13: =IF(B13="","",IF(AB13<>"",AB13,IFERROR(MATCH(SUBSTITUTE(SUBSTITUTE(P13," ","")," ",""),入力!$AJ$5:$AJ$44,0),""))) | U13: =IF(T13="","",INDEX(入力!$D$5:$D$44,T13)) | V13: =IF(B13="","",IF(T13="","要確認（名簿と照合できません）",IF(R13="","要確認（資格名がありません）",IF(S13="","要確認（取得日が読めません）",IF((IF(INDEX(入力!$N$5:$N$44,T13)=R13,1,0)+IF(INDEX(入力!$P$5:$P$44,T13)=R13,1,0)+IF(INDEX(入力!$R$5:$R$44,T13)=R13,1,0)+IF(INDEX(入力!$T$5:$T$44,T13)=R13,1,0)+IF(INDEX(入力!$V$5:$V$44,T13)=R13,1,0)+IF(INDEX(入力!$X$5:$X$44,T13)=R13,1,0))+(COUNTIFS($T$6:$T$205,T13,$R$6:$R$205,R13,$X$6:$X$205,"<"&X13))>0,"重複","反映"))))) | W13: =IF(V13="反映",1,0) | X13: 13 | Y13: =IF(W13=0,"",COUNTIFS($T$6:$T$205,T13,$W$6:$W$205,1,$S$6:$S$205,"<"&S13)+COUNTIFS($T$6:$T$205,T13,$W$6:$W$205,1,$S$6:$S$205,S13,$X$6:$X$205,"<"&X13)+1) | Z13: =IF(Y13="","",T13&"_"&Y13) | AA13: =SUBSTITUTE(SUBSTITUTE(SUBSTITUTE(SUBSTITUTE(SUBSTITUTE(INDEX(D13:K13,MIN(8,MAX(1,C13))),"年","/"),"月","/"),"日",""),"-","/"),".","/") | AB13: =IFERROR(MATCH(O13,入力!$C$5:$C$44,0),"") | AC13: =IF(AB13="","",INDEX(入力!$AJ$5:$AJ$44,AB13)) | AD13: =IF(INDEX($D13:$K13,IF(M13=1,2,1))=AC13,1,IF(INDEX($D13:$K13,IF(M13=1,2,1))&INDEX($D13:$K13,IF(M13=1,2,1)+1)=AC13,2,IF(INDEX($D13:$K13,IF(M13=1,2,1))&INDEX($D13:$K13,IF(M13=1,2,1)+1)&INDEX($D13:$K13,IF(M13=1,2,1)+2)=AC13,3,IF(AB13<>"",2,IF(ISNUMBER(MATCH(INDEX($D13:$K13,IF(M13=1,2,1)),入力!$AJ$5:$AJ$44,0)),1,IF(ISNUMBER(MATCH(INDEX($D13:$K13,IF(M13=1,2,1))&INDEX($D13:$K13,IF(M13=1,2,1)+1),入力!$AJ$5:$AJ$44,0)),2,IF(ISNUMBER(MATCH(INDEX($D13:$K13,IF(M13=1,2,1))&INDEX($D13:$K13,IF(M13=1,2,1)+1)&INDEX($D13:$K13,IF(M13=1,2,1)+2),入力!$AJ$5:$AJ$44,0)),3,2)))))))
B14: =TRIM(SUBSTITUTE(SUBSTITUTE(SUBSTITUTE(A14,CHAR(9)," ")," "," "),CHAR(160)," ")) | C14: =IF(B14="",0,LEN(B14)-LEN(SUBSTITUTE(B14," ",""))+1) | D14: =IF(C14>=1,TRIM(MID(SUBSTITUTE(B14," ",REPT(" ",200)),1,200)),"") | E14: =IF(C14>=2,TRIM(MID(SUBSTITUTE(B14," ",REPT(" ",200)),201,200)),"") | F14: =IF(C14>=3,TRIM(MID(SUBSTITUTE(B14," ",REPT(" ",200)),401,200)),"") | G14: =IF(C14>=4,TRIM(MID(SUBSTITUTE(B14," ",REPT(" ",200)),601,200)),"") | H14: =IF(C14>=5,TRIM(MID(SUBSTITUTE(B14," ",REPT(" ",200)),801,200)),"") | I14: =IF(C14>=6,TRIM(MID(SUBSTITUTE(B14," ",REPT(" ",200)),1001,200)),"") | J14: =IF(C14>=7,TRIM(MID(SUBSTITUTE(B14," ",REPT(" ",200)),1201,200)),"") | K14: =IF(C14>=8,TRIM(MID(SUBSTITUTE(B14," ",REPT(" ",200)),1401,200)),"") | L14: =SUBSTITUTE(SUBSTITUTE(SUBSTITUTE(D14,"年","-"),"組","-"),"番","") | M14: =IF(D14="",0,IF(ISNUMBER(VALUE(SUBSTITUTE(L14,"-",""))),1,0)) | N14: =IF(M14=0,"",IFERROR(VALUE(TRIM(MID(SUBSTITUTE(L14,"-",REPT(" ",100)),101,100))),"")) | O14: =IF(M14=0,"",IFERROR(VALUE(TRIM(RIGHT(SUBSTITUTE(L14,"-",REPT(" ",100)),100))),"")) | P14: =IF(B14="","",TRIM(INDEX($D14:$K14,IF(M14=1,2,1))&IF(AD14>=2," "&INDEX($D14:$K14,IF(M14=1,2,1)+1),"")&IF(AD14>=3," "&INDEX($D14:$K14,IF(M14=1,2,1)+2),""))) | Q14: =IF(C14<2,"",TRIM(IF(AND(2>=(IF(M14=1,2,1)+AD14),2<=C14-IF(S14="",0,1)),E14&" ","")&IF(AND(3>=(IF(M14=1,2,1)+AD14),3<=C14-IF(S14="",0,1)),F14&" ","")&IF(AND(4>=(IF(M14=1,2,1)+AD14),4<=C14-IF(S14="",0,1)),G14&" ","")&IF(AND(5>=(IF(M14=1,2,1)+AD14),5<=C14-IF(S14="",0,1)),H14&" ","")&IF(AND(6>=(IF(M14=1,2,1)+AD14),6<=C14-IF(S14="",0,1)),I14&" ","")&IF(AND(7>=(IF(M14=1,2,1)+AD14),7<=C14-IF(S14="",0,1)),J14&" ","")&IF(AND(8>=(IF(M14=1,2,1)+AD14),8<=C14-IF(S14="",0,1)),K14&" ",""))) | R14: =IF(Q14="","",IFERROR(INDEX(資格マスタ!$B:$B,MATCH(ASC(SUBSTITUTE(SUBSTITUTE(Q14," ","")," ","")),資格マスタ!$D:$D,0)),Q14)) | S14: =IF(C14<2,"",IFERROR(IF(OR(LEFT(INDEX(D14:K14,MIN(8,MAX(1,C14))),2)="令和",LEFT(INDEX(D14:K14,MIN(8,MAX(1,C14))),2)="平成",LEFT(INDEX(D14:K14,MIN(8,MAX(1,C14))),2)="昭和"),DATE(VALUE(MID(INDEX(D14:K14,MIN(8,MAX(1,C14))),3,FIND("年",INDEX(D14:K14,MIN(8,MAX(1,C14))))-3))+IF(LEFT(INDEX(D14:K14,MIN(8,MAX(1,C14))),2)="令和",2018,IF(LEFT(INDEX(D14:K14,MIN(8,MAX(1,C14))),2)="平成",1988,1925)),VALUE(MID(INDEX(D14:K14,MIN(8,MAX(1,C14))),FIND("年",INDEX(D14:K14,MIN(8,MAX(1,C14))))+1,FIND("月",INDEX(D14:K14,MIN(8,MAX(1,C14))))-FIND("年",INDEX(D14:K14,MIN(8,MAX(1,C14))))-1)),VALUE(SUBSTITUTE(MID(INDEX(D14:K14,MIN(8,MAX(1,C14))),FIND("月",INDEX(D14:K14,MIN(8,MAX(1,C14))))+1,10),"日",""))),DATE(VALUE(TRIM(MID(SUBSTITUTE(AA14,"/",REPT(" ",50)),1,50))),VALUE(TRIM(MID(SUBSTITUTE(AA14,"/",REPT(" ",50)),51,50))),VALUE(TRIM(MID(SUBSTITUTE(AA14,"/",REPT(" ",50)),101,50))))),IFERROR(DATEVALUE(INDEX(D14:K14,MIN(8,MAX(1,C14)))),""))) | T14: =IF(B14="","",IF(AB14<>"",AB14,IFERROR(MATCH(SUBSTITUTE(SUBSTITUTE(P14," ","")," ",""),入力!$AJ$5:$AJ$44,0),""))) | U14: =IF(T14="","",INDEX(入力!$D$5:$D$44,T14)) | V14: =IF(B14="","",IF(T14="","要確認（名簿と照合できません）",IF(R14="","要確認（資格名がありません）",IF(S14="","要確認（取得日が読めません）",IF((IF(INDEX(入力!$N$5:$N$44,T14)=R14,1,0)+IF(INDEX(入力!$P$5:$P$44,T14)=R14,1,0)+IF(INDEX(入力!$R$5:$R$44,T14)=R14,1,0)+IF(INDEX(入力!$T$5:$T$44,T14)=R14,1,0)+IF(INDEX(入力!$V$5:$V$44,T14)=R14,1,0)+IF(INDEX(入力!$X$5:$X$44,T14)=R14,1,0))+(COUNTIFS($T$6:$T$205,T14,$R$6:$R$205,R14,$X$6:$X$205,"<"&X14))>0,"重複","反映"))))) | W14: =IF(V14="反映",1,0) | X14: 14 | Y14: =IF(W14=0,"",COUNTIFS($T$6:$T$205,T14,$W$6:$W$205,1,$S$6:$S$205,"<"&S14)+COUNTIFS($T$6:$T$205,T14,$W$6:$W$205,1,$S$6:$S$205,S14,$X$6:$X$205,"<"&X14)+1) | Z14: =IF(Y14="","",T14&"_"&Y14) | AA14: =SUBSTITUTE(SUBSTITUTE(SUBSTITUTE(SUBSTITUTE(SUBSTITUTE(INDEX(D14:K14,MIN(8,MAX(1,C14))),"年","/"),"月","/"),"日",""),"-","/"),".","/") | AB14: =IFERROR(MATCH(O14,入力!$C$5:$C$44,0),"") | AC14: =IF(AB14="","",INDEX(入力!$AJ$5:$AJ$44,AB14)) | AD14: =IF(INDEX($D14:$K14,IF(M14=1,2,1))=AC14,1,IF(INDEX($D14:$K14,IF(M14=1,2,1))&INDEX($D14:$K14,IF(M14=1,2,1)+1)=AC14,2,IF(INDEX($D14:$K14,IF(M14=1,2,1))&INDEX($D14:$K14,IF(M14=1,2,1)+1)&INDEX($D14:$K14,IF(M14=1,2,1)+2)=AC14,3,IF(AB14<>"",2,IF(ISNUMBER(MATCH(INDEX($D14:$K14,IF(M14=1,2,1)),入力!$AJ$5:$AJ$44,0)),1,IF(ISNUMBER(MATCH(INDEX($D14:$K14,IF(M14=1,2,1))&INDEX($D14:$K14,IF(M14=1,2,1)+1),入力!$AJ$5:$AJ$44,0)),2,IF(ISNUMBER(MATCH(INDEX($D14:$K14,IF(M14=1,2,1))&INDEX($D14:$K14,IF(M14=1,2,1)+1)&INDEX($D14:$K14,IF(M14=1,2,1)+2),入力!$AJ$5:$AJ$44,0)),3,2)))))))
B15: =TRIM(SUBSTITUTE(SUBSTITUTE(SUBSTITUTE(A15,CHAR(9)," ")," "," "),CHAR(160)," ")) | C15: =IF(B15="",0,LEN(B15)-LEN(SUBSTITUTE(B15," ",""))+1) | D15: =IF(C15>=1,TRIM(MID(SUBSTITUTE(B15," ",REPT(" ",200)),1,200)),"") | E15: =IF(C15>=2,TRIM(MID(SUBSTITUTE(B15," ",REPT(" ",200)),201,200)),"") | F15: =IF(C15>=3,TRIM(MID(SUBSTITUTE(B15," ",REPT(" ",200)),401,200)),"") | G15: =IF(C15>=4,TRIM(MID(SUBSTITUTE(B15," ",REPT(" ",200)),601,200)),"") | H15: =IF(C15>=5,TRIM(MID(SUBSTITUTE(B15," ",REPT(" ",200)),801,200)),"") | I15: =IF(C15>=6,TRIM(MID(SUBSTITUTE(B15," ",REPT(" ",200)),1001,200)),"") | J15: =IF(C15>=7,TRIM(MID(SUBSTITUTE(B15," ",REPT(" ",200)),1201,200)),"") | K15: =IF(C15>=8,TRIM(MID(SUBSTITUTE(B15," ",REPT(" ",200)),1401,200)),"") | L15: =SUBSTITUTE(SUBSTITUTE(SUBSTITUTE(D15,"年","-"),"組","-"),"番","") | M15: =IF(D15="",0,IF(ISNUMBER(VALUE(SUBSTITUTE(L15,"-",""))),1,0)) | N15: =IF(M15=0,"",IFERROR(VALUE(TRIM(MID(SUBSTITUTE(L15,"-",REPT(" ",100)),101,100))),"")) | O15: =IF(M15=0,"",IFERROR(VALUE(TRIM(RIGHT(SUBSTITUTE(L15,"-",REPT(" ",100)),100))),"")) | P15: =IF(B15="","",TRIM(INDEX($D15:$K15,IF(M15=1,2,1))&IF(AD15>=2," "&INDEX($D15:$K15,IF(M15=1,2,1)+1),"")&IF(AD15>=3," "&INDEX($D15:$K15,IF(M15=1,2,1)+2),""))) | Q15: =IF(C15<2,"",TRIM(IF(AND(2>=(IF(M15=1,2,1)+AD15),2<=C15-IF(S15="",0,1)),E15&" ","")&IF(AND(3>=(IF(M15=1,2,1)+AD15),3<=C15-IF(S15="",0,1)),F15&" ","")&IF(AND(4>=(IF(M15=1,2,1)+AD15),4<=C15-IF(S15="",0,1)),G15&" ","")&IF(AND(5>=(IF(M15=1,2,1)+AD15),5<=C15-IF(S15="",0,1)),H15&" ","")&IF(AND(6>=(IF(M15=1,2,1)+AD15),6<=C15-IF(S15="",0,1)),I15&" ","")&IF(AND(7>=(IF(M15=1,2,1)+AD15),7<=C15-IF(S15="",0,1)),J15&" ","")&IF(AND(8>=(IF(M15=1,2,1)+AD15),8<=C15-IF(S15="",0,1)),K15&" ",""))) | R15: =IF(Q15="","",IFERROR(INDEX(資格マスタ!$B:$B,MATCH(ASC(SUBSTITUTE(SUBSTITUTE(Q15," ","")," ","")),資格マスタ!$D:$D,0)),Q15)) | S15: =IF(C15<2,"",IFERROR(IF(OR(LEFT(INDEX(D15:K15,MIN(8,MAX(1,C15))),2)="令和",LEFT(INDEX(D15:K15,MIN(8,MAX(1,C15))),2)="平成",LEFT(INDEX(D15:K15,MIN(8,MAX(1,C15))),2)="昭和"),DATE(VALUE(MID(INDEX(D15:K15,MIN(8,MAX(1,C15))),3,FIND("年",INDEX(D15:K15,MIN(8,MAX(1,C15))))-3))+IF(LEFT(INDEX(D15:K15,MIN(8,MAX(1,C15))),2)="令和",2018,IF(LEFT(INDEX(D15:K15,MIN(8,MAX(1,C15))),2)="平成",1988,1925)),VALUE(MID(INDEX(D15:K15,MIN(8,MAX(1,C15))),FIND("年",INDEX(D15:K15,MIN(8,MAX(1,C15))))+1,FIND("月",INDEX(D15:K15,MIN(8,MAX(1,C15))))-FIND("年",INDEX(D15:K15,MIN(8,MAX(1,C15))))-1)),VALUE(SUBSTITUTE(MID(INDEX(D15:K15,MIN(8,MAX(1,C15))),FIND("月",INDEX(D15:K15,MIN(8,MAX(1,C15))))+1,10),"日",""))),DATE(VALUE(TRIM(MID(SUBSTITUTE(AA15,"/",REPT(" ",50)),1,50))),VALUE(TRIM(MID(SUBSTITUTE(AA15,"/",REPT(" ",50)),51,50))),VALUE(TRIM(MID(SUBSTITUTE(AA15,"/",REPT(" ",50)),101,50))))),IFERROR(DATEVALUE(INDEX(D15:K15,MIN(8,MAX(1,C15)))),""))) | T15: =IF(B15="","",IF(AB15<>"",AB15,IFERROR(MATCH(SUBSTITUTE(SUBSTITUTE(P15," ","")," ",""),入力!$AJ$5:$AJ$44,0),""))) | U15: =IF(T15="","",INDEX(入力!$D$5:$D$44,T15)) | V15: =IF(B15="","",IF(T15="","要確認（名簿と照合できません）",IF(R15="","要確認（資格名がありません）",IF(S15="","要確認（取得日が読めません）",IF((IF(INDEX(入力!$N$5:$N$44,T15)=R15,1,0)+IF(INDEX(入力!$P$5:$P$44,T15)=R15,1,0)+IF(INDEX(入力!$R$5:$R$44,T15)=R15,1,0)+IF(INDEX(入力!$T$5:$T$44,T15)=R15,1,0)+IF(INDEX(入力!$V$5:$V$44,T15)=R15,1,0)+IF(INDEX(入力!$X$5:$X$44,T15)=R15,1,0))+(COUNTIFS($T$6:$T$205,T15,$R$6:$R$205,R15,$X$6:$X$205,"<"&X15))>0,"重複","反映"))))) | W15: =IF(V15="反映",1,0) | X15: 15 | Y15: =IF(W15=0,"",COUNTIFS($T$6:$T$205,T15,$W$6:$W$205,1,$S$6:$S$205,"<"&S15)+COUNTIFS($T$6:$T$205,T15,$W$6:$W$205,1,$S$6:$S$205,S15,$X$6:$X$205,"<"&X15)+1) | Z15: =IF(Y15="","",T15&"_"&Y15) | AA15: =SUBSTITUTE(SUBSTITUTE(SUBSTITUTE(SUBSTITUTE(SUBSTITUTE(INDEX(D15:K15,MIN(8,MAX(1,C15))),"年","/"),"月","/"),"日",""),"-","/"),".","/") | AB15: =IFERROR(MATCH(O15,入力!$C$5:$C$44,0),"") | AC15: =IF(AB15="","",INDEX(入力!$AJ$5:$AJ$44,AB15)) | AD15: =IF(INDEX($D15:$K15,IF(M15=1,2,1))=AC15,1,IF(INDEX($D15:$K15,IF(M15=1,2,1))&INDEX($D15:$K15,IF(M15=1,2,1)+1)=AC15,2,IF(INDEX($D15:$K15,IF(M15=1,2,1))&INDEX($D15:$K15,IF(M15=1,2,1)+1)&INDEX($D15:$K15,IF(M15=1,2,1)+2)=AC15,3,IF(AB15<>"",2,IF(ISNUMBER(MATCH(INDEX($D15:$K15,IF(M15=1,2,1)),入力!$AJ$5:$AJ$44,0)),1,IF(ISNUMBER(MATCH(INDEX($D15:$K15,IF(M15=1,2,1))&INDEX($D15:$K15,IF(M15=1,2,1)+1),入力!$AJ$5:$AJ$44,0)),2,IF(ISNUMBER(MATCH(INDEX($D15:$K15,IF(M15=1,2,1))&INDEX($D15:$K15,IF(M15=1,2,1)+1)&INDEX($D15:$K15,IF(M15=1,2,1)+2),入力!$AJ$5:$AJ$44,0)),3,2)))))))
B16: =TRIM(SUBSTITUTE(SUBSTITUTE(SUBSTITUTE(A16,CHAR(9)," ")," "," "),CHAR(160)," ")) | C16: =IF(B16="",0,LEN(B16)-LEN(SUBSTITUTE(B16," ",""))+1) | D16: =IF(C16>=1,TRIM(MID(SUBSTITUTE(B16," ",REPT(" ",200)),1,200)),"") | E16: =IF(C16>=2,TRIM(MID(SUBSTITUTE(B16," ",REPT(" ",200)),201,200)),"") | F16: =IF(C16>=3,TRIM(MID(SUBSTITUTE(B16," ",REPT(" ",200)),401,200)),"") | G16: =IF(C16>=4,TRIM(MID(SUBSTITUTE(B16," ",REPT(" ",200)),601,200)),"") | H16: =IF(C16>=5,TRIM(MID(SUBSTITUTE(B16," ",REPT(" ",200)),801,200)),"") | I16: =IF(C16>=6,TRIM(MID(SUBSTITUTE(B16," ",REPT(" ",200)),1001,200)),"") | J16: =IF(C16>=7,TRIM(MID(SUBSTITUTE(B16," ",REPT(" ",200)),1201,200)),"") | K16: =IF(C16>=8,TRIM(MID(SUBSTITUTE(B16," ",REPT(" ",200)),1401,200)),"") | L16: =SUBSTITUTE(SUBSTITUTE(SUBSTITUTE(D16,"年","-"),"組","-"),"番","") | M16: =IF(D16="",0,IF(ISNUMBER(VALUE(SUBSTITUTE(L16,"-",""))),1,0)) | N16: =IF(M16=0,"",IFERROR(VALUE(TRIM(MID(SUBSTITUTE(L16,"-",REPT(" ",100)),101,100))),"")) | O16: =IF(M16=0,"",IFERROR(VALUE(TRIM(RIGHT(SUBSTITUTE(L16,"-",REPT(" ",100)),100))),"")) | P16: =IF(B16="","",TRIM(INDEX($D16:$K16,IF(M16=1,2,1))&IF(AD16>=2," "&INDEX($D16:$K16,IF(M16=1,2,1)+1),"")&IF(AD16>=3," "&INDEX($D16:$K16,IF(M16=1,2,1)+2),""))) | Q16: =IF(C16<2,"",TRIM(IF(AND(2>=(IF(M16=1,2,1)+AD16),2<=C16-IF(S16="",0,1)),E16&" ","")&IF(AND(3>=(IF(M16=1,2,1)+AD16),3<=C16-IF(S16="",0,1)),F16&" ","")&IF(AND(4>=(IF(M16=1,2,1)+AD16),4<=C16-IF(S16="",0,1)),G16&" ","")&IF(AND(5>=(IF(M16=1,2,1)+AD16),5<=C16-IF(S16="",0,1)),H16&" ","")&IF(AND(6>=(IF(M16=1,2,1)+AD16),6<=C16-IF(S16="",0,1)),I16&" ","")&IF(AND(7>=(IF(M16=1,2,1)+AD16),7<=C16-IF(S16="",0,1)),J16&" ","")&IF(AND(8>=(IF(M16=1,2,1)+AD16),8<=C16-IF(S16="",0,1)),K16&" ",""))) | R16: =IF(Q16="","",IFERROR(INDEX(資格マスタ!$B:$B,MATCH(ASC(SUBSTITUTE(SUBSTITUTE(Q16," ","")," ","")),資格マスタ!$D:$D,0)),Q16)) | S16: =IF(C16<2,"",IFERROR(IF(OR(LEFT(INDEX(D16:K16,MIN(8,MAX(1,C16))),2)="令和",LEFT(INDEX(D16:K16,MIN(8,MAX(1,C16))),2)="平成",LEFT(INDEX(D16:K16,MIN(8,MAX(1,C16))),2)="昭和"),DATE(VALUE(MID(INDEX(D16:K16,MIN(8,MAX(1,C16))),3,FIND("年",INDEX(D16:K16,MIN(8,MAX(1,C16))))-3))+IF(LEFT(INDEX(D16:K16,MIN(8,MAX(1,C16))),2)="令和",2018,IF(LEFT(INDEX(D16:K16,MIN(8,MAX(1,C16))),2)="平成",1988,1925)),VALUE(MID(INDEX(D16:K16,MIN(8,MAX(1,C16))),FIND("年",INDEX(D16:K16,MIN(8,MAX(1,C16))))+1,FIND("月",INDEX(D16:K16,MIN(8,MAX(1,C16))))-FIND("年",INDEX(D16:K16,MIN(8,MAX(1,C16))))-1)),VALUE(SUBSTITUTE(MID(INDEX(D16:K16,MIN(8,MAX(1,C16))),FIND("月",INDEX(D16:K16,MIN(8,MAX(1,C16))))+1,10),"日",""))),DATE(VALUE(TRIM(MID(SUBSTITUTE(AA16,"/",REPT(" ",50)),1,50))),VALUE(TRIM(MID(SUBSTITUTE(AA16,"/",REPT(" ",50)),51,50))),VALUE(TRIM(MID(SUBSTITUTE(AA16,"/",REPT(" ",50)),101,50))))),IFERROR(DATEVALUE(INDEX(D16:K16,MIN(8,MAX(1,C16)))),""))) | T16: =IF(B16="","",IF(AB16<>"",AB16,IFERROR(MATCH(SUBSTITUTE(SUBSTITUTE(P16," ","")," ",""),入力!$AJ$5:$AJ$44,0),""))) | U16: =IF(T16="","",INDEX(入力!$D$5:$D$44,T16)) | V16: =IF(B16="","",IF(T16="","要確認（名簿と照合できません）",IF(R16="","要確認（資格名がありません）",IF(S16="","要確認（取得日が読めません）",IF((IF(INDEX(入力!$N$5:$N$44,T16)=R16,1,0)+IF(INDEX(入力!$P$5:$P$44,T16)=R16,1,0)+IF(INDEX(入力!$R$5:$R$44,T16)=R16,1,0)+IF(INDEX(入力!$T$5:$T$44,T16)=R16,1,0)+IF(INDEX(入力!$V$5:$V$44,T16)=R16,1,0)+IF(INDEX(入力!$X$5:$X$44,T16)=R16,1,0))+(COUNTIFS($T$6:$T$205,T16,$R$6:$R$205,R16,$X$6:$X$205,"<"&X16))>0,"重複","反映"))))) | W16: =IF(V16="反映",1,0) | X16: 16 | Y16: =IF(W16=0,"",COUNTIFS($T$6:$T$205,T16,$W$6:$W$205,1,$S$6:$S$205,"<"&S16)+COUNTIFS($T$6:$T$205,T16,$W$6:$W$205,1,$S$6:$S$205,S16,$X$6:$X$205,"<"&X16)+1) | Z16: =IF(Y16="","",T16&"_"&Y16) | AA16: =SUBSTITUTE(SUBSTITUTE(SUBSTITUTE(SUBSTITUTE(SUBSTITUTE(INDEX(D16:K16,MIN(8,MAX(1,C16))),"年","/"),"月","/"),"日",""),"-","/"),".","/") | AB16: =IFERROR(MATCH(O16,入力!$C$5:$C$44,0),"") | AC16: =IF(AB16="","",INDEX(入力!$AJ$5:$AJ$44,AB16)) | AD16: =IF(INDEX($D16:$K16,IF(M16=1,2,1))=AC16,1,IF(INDEX($D16:$K16,IF(M16=1,2,1))&INDEX($D16:$K16,IF(M16=1,2,1)+1)=AC16,2,IF(INDEX($D16:$K16,IF(M16=1,2,1))&INDEX($D16:$K16,IF(M16=1,2,1)+1)&INDEX($D16:$K16,IF(M16=1,2,1)+2)=AC16,3,IF(AB16<>"",2,IF(ISNUMBER(MATCH(INDEX($D16:$K16,IF(M16=1,2,1)),入力!$AJ$5:$AJ$44,0)),1,IF(ISNUMBER(MATCH(INDEX($D16:$K16,IF(M16=1,2,1))&INDEX($D16:$K16,IF(M16=1,2,1)+1),入力!$AJ$5:$AJ$44,0)),2,IF(ISNUMBER(MATCH(INDEX($D16:$K16,IF(M16=1,2,1))&INDEX($D16:$K16,IF(M16=1,2,1)+1)&INDEX($D16:$K16,IF(M16=1,2,1)+2),入力!$AJ$5:$AJ$44,0)),3,2)))))))
B17: =TRIM(SUBSTITUTE(SUBSTITUTE(SUBSTITUTE(A17,CHAR(9)," ")," "," "),CHAR(160)," ")) | C17: =IF(B17="",0,LEN(B17)-LEN(SUBSTITUTE(B17," ",""))+1) | D17: =IF(C17>=1,TRIM(MID(SUBSTITUTE(B17," ",REPT(" ",200)),1,200)),"") | E17: =IF(C17>=2,TRIM(MID(SUBSTITUTE(B17," ",REPT(" ",200)),201,200)),"") | F17: =IF(C17>=3,TRIM(MID(SUBSTITUTE(B17," ",REPT(" ",200)),401,200)),"") | G17: =IF(C17>=4,TRIM(MID(SUBSTITUTE(B17," ",REPT(" ",200)),601,200)),"") | H17: =IF(C17>=5,TRIM(MID(SUBSTITUTE(B17," ",REPT(" ",200)),801,200)),"") | I17: =IF(C17>=6,TRIM(MID(SUBSTITUTE(B17," ",REPT(" ",200)),1001,200)),"") | J17: =IF(C17>=7,TRIM(MID(SUBSTITUTE(B17," ",REPT(" ",200)),1201,200)),"") | K17: =IF(C17>=8,TRIM(MID(SUBSTITUTE(B17," ",REPT(" ",200)),1401,200)),"") | L17: =SUBSTITUTE(SUBSTITUTE(SUBSTITUTE(D17,"年","-"),"組","-"),"番","") | M17: =IF(D17="",0,IF(ISNUMBER(VALUE(SUBSTITUTE(L17,"-",""))),1,0)) | N17: =IF(M17=0,"",IFERROR(VALUE(TRIM(MID(SUBSTITUTE(L17,"-",REPT(" ",100)),101,100))),"")) | O17: =IF(M17=0,"",IFERROR(VALUE(TRIM(RIGHT(SUBSTITUTE(L17,"-",REPT(" ",100)),100))),"")) | P17: =IF(B17="","",TRIM(INDEX($D17:$K17,IF(M17=1,2,1))&IF(AD17>=2," "&INDEX($D17:$K17,IF(M17=1,2,1)+1),"")&IF(AD17>=3," "&INDEX($D17:$K17,IF(M17=1,2,1)+2),""))) | Q17: =IF(C17<2,"",TRIM(IF(AND(2>=(IF(M17=1,2,1)+AD17),2<=C17-IF(S17="",0,1)),E17&" ","")&IF(AND(3>=(IF(M17=1,2,1)+AD17),3<=C17-IF(S17="",0,1)),F17&" ","")&IF(AND(4>=(IF(M17=1,2,1)+AD17),4<=C17-IF(S17="",0,1)),G17&" ","")&IF(AND(5>=(IF(M17=1,2,1)+AD17),5<=C17-IF(S17="",0,1)),H17&" ","")&IF(AND(6>=(IF(M17=1,2,1)+AD17),6<=C17-IF(S17="",0,1)),I17&" ","")&IF(AND(7>=(IF(M17=1,2,1)+AD17),7<=C17-IF(S17="",0,1)),J17&" ","")&IF(AND(8>=(IF(M17=1,2,1)+AD17),8<=C17-IF(S17="",0,1)),K17&" ",""))) | R17: =IF(Q17="","",IFERROR(INDEX(資格マスタ!$B:$B,MATCH(ASC(SUBSTITUTE(SUBSTITUTE(Q17," ","")," ","")),資格マスタ!$D:$D,0)),Q17)) | S17: =IF(C17<2,"",IFERROR(IF(OR(LEFT(INDEX(D17:K17,MIN(8,MAX(1,C17))),2)="令和",LEFT(INDEX(D17:K17,MIN(8,MAX(1,C17))),2)="平成",LEFT(INDEX(D17:K17,MIN(8,MAX(1,C17))),2)="昭和"),DATE(VALUE(MID(INDEX(D17:K17,MIN(8,MAX(1,C17))),3,FIND("年",INDEX(D17:K17,MIN(8,MAX(1,C17))))-3))+IF(LEFT(INDEX(D17:K17,MIN(8,MAX(1,C17))),2)="令和",2018,IF(LEFT(INDEX(D17:K17,MIN(8,MAX(1,C17))),2)="平成",1988,1925)),VALUE(MID(INDEX(D17:K17,MIN(8,MAX(1,C17))),FIND("年",INDEX(D17:K17,MIN(8,MAX(1,C17))))+1,FIND("月",INDEX(D17:K17,MIN(8,MAX(1,C17))))-FIND("年",INDEX(D17:K17,MIN(8,MAX(1,C17))))-1)),VALUE(SUBSTITUTE(MID(INDEX(D17:K17,MIN(8,MAX(1,C17))),FIND("月",INDEX(D17:K17,MIN(8,MAX(1,C17))))+1,10),"日",""))),DATE(VALUE(TRIM(MID(SUBSTITUTE(AA17,"/",REPT(" ",50)),1,50))),VALUE(TRIM(MID(SUBSTITUTE(AA17,"/",REPT(" ",50)),51,50))),VALUE(TRIM(MID(SUBSTITUTE(AA17,"/",REPT(" ",50)),101,50))))),IFERROR(DATEVALUE(INDEX(D17:K17,MIN(8,MAX(1,C17)))),""))) | T17: =IF(B17="","",IF(AB17<>"",AB17,IFERROR(MATCH(SUBSTITUTE(SUBSTITUTE(P17," ","")," ",""),入力!$AJ$5:$AJ$44,0),""))) | U17: =IF(T17="","",INDEX(入力!$D$5:$D$44,T17)) | V17: =IF(B17="","",IF(T17="","要確認（名簿と照合できません）",IF(R17="","要確認（資格名がありません）",IF(S17="","要確認（取得日が読めません）",IF((IF(INDEX(入力!$N$5:$N$44,T17)=R17,1,0)+IF(INDEX(入力!$P$5:$P$44,T17)=R17,1,0)+IF(INDEX(入力!$R$5:$R$44,T17)=R17,1,0)+IF(INDEX(入力!$T$5:$T$44,T17)=R17,1,0)+IF(INDEX(入力!$V$5:$V$44,T17)=R17,1,0)+IF(INDEX(入力!$X$5:$X$44,T17)=R17,1,0))+(COUNTIFS($T$6:$T$205,T17,$R$6:$R$205,R17,$X$6:$X$205,"<"&X17))>0,"重複","反映"))))) | W17: =IF(V17="反映",1,0) | X17: 17 | Y17: =IF(W17=0,"",COUNTIFS($T$6:$T$205,T17,$W$6:$W$205,1,$S$6:$S$205,"<"&S17)+COUNTIFS($T$6:$T$205,T17,$W$6:$W$205,1,$S$6:$S$205,S17,$X$6:$X$205,"<"&X17)+1) | Z17: =IF(Y17="","",T17&"_"&Y17) | AA17: =SUBSTITUTE(SUBSTITUTE(SUBSTITUTE(SUBSTITUTE(SUBSTITUTE(INDEX(D17:K17,MIN(8,MAX(1,C17))),"年","/"),"月","/"),"日",""),"-","/"),".","/") | AB17: =IFERROR(MATCH(O17,入力!$C$5:$C$44,0),"") | AC17: =IF(AB17="","",INDEX(入力!$AJ$5:$AJ$44,AB17)) | AD17: =IF(INDEX($D17:$K17,IF(M17=1,2,1))=AC17,1,IF(INDEX($D17:$K17,IF(M17=1,2,1))&INDEX($D17:$K17,IF(M17=1,2,1)+1)=AC17,2,IF(INDEX($D17:$K17,IF(M17=1,2,1))&INDEX($D17:$K17,IF(M17=1,2,1)+1)&INDEX($D17:$K17,IF(M17=1,2,1)+2)=AC17,3,IF(AB17<>"",2,IF(ISNUMBER(MATCH(INDEX($D17:$K17,IF(M17=1,2,1)),入力!$AJ$5:$AJ$44,0)),1,IF(ISNUMBER(MATCH(INDEX($D17:$K17,IF(M17=1,2,1))&INDEX($D17:$K17,IF(M17=1,2,1)+1),入力!$AJ$5:$AJ$44,0)),2,IF(ISNUMBER(MATCH(INDEX($D17:$K17,IF(M17=1,2,1))&INDEX($D17:$K17,IF(M17=1,2,1)+1)&INDEX($D17:$K17,IF(M17=1,2,1)+2),入力!$AJ$5:$AJ$44,0)),3,2)))))))
B18: =TRIM(SUBSTITUTE(SUBSTITUTE(SUBSTITUTE(A18,CHAR(9)," ")," "," "),CHAR(160)," ")) | C18: =IF(B18="",0,LEN(B18)-LEN(SUBSTITUTE(B18," ",""))+1) | D18: =IF(C18>=1,TRIM(MID(SUBSTITUTE(B18," ",REPT(" ",200)),1,200)),"") | E18: =IF(C18>=2,TRIM(MID(SUBSTITUTE(B18," ",REPT(" ",200)),201,200)),"") | F18: =IF(C18>=3,TRIM(MID(SUBSTITUTE(B18," ",REPT(" ",200)),401,200)),"") | G18: =IF(C18>=4,TRIM(MID(SUBSTITUTE(B18," ",REPT(" ",200)),601,200)),"") | H18: =IF(C18>=5,TRIM(MID(SUBSTITUTE(B18," ",REPT(" ",200)),801,200)),"") | I18: =IF(C18>=6,TRIM(MID(SUBSTITUTE(B18," ",REPT(" ",200)),1001,200)),"") | J18: =IF(C18>=7,TRIM(MID(SUBSTITUTE(B18," ",REPT(" ",200)),1201,200)),"") | K18: =IF(C18>=8,TRIM(MID(SUBSTITUTE(B18," ",REPT(" ",200)),1401,200)),"") | L18: =SUBSTITUTE(SUBSTITUTE(SUBSTITUTE(D18,"年","-"),"組","-"),"番","") | M18: =IF(D18="",0,IF(ISNUMBER(VALUE(SUBSTITUTE(L18,"-",""))),1,0)) | N18: =IF(M18=0,"",IFERROR(VALUE(TRIM(MID(SUBSTITUTE(L18,"-",REPT(" ",100)),101,100))),"")) | O18: =IF(M18=0,"",IFERROR(VALUE(TRIM(RIGHT(SUBSTITUTE(L18,"-",REPT(" ",100)),100))),"")) | P18: =IF(B18="","",TRIM(INDEX($D18:$K18,IF(M18=1,2,1))&IF(AD18>=2," "&INDEX($D18:$K18,IF(M18=1,2,1)+1),"")&IF(AD18>=3," "&INDEX($D18:$K18,IF(M18=1,2,1)+2),""))) | Q18: =IF(C18<2,"",TRIM(IF(AND(2>=(IF(M18=1,2,1)+AD18),2<=C18-IF(S18="",0,1)),E18&" ","")&IF(AND(3>=(IF(M18=1,2,1)+AD18),3<=C18-IF(S18="",0,1)),F18&" ","")&IF(AND(4>=(IF(M18=1,2,1)+AD18),4<=C18-IF(S18="",0,1)),G18&" ","")&IF(AND(5>=(IF(M18=1,2,1)+AD18),5<=C18-IF(S18="",0,1)),H18&" ","")&IF(AND(6>=(IF(M18=1,2,1)+AD18),6<=C18-IF(S18="",0,1)),I18&" ","")&IF(AND(7>=(IF(M18=1,2,1)+AD18),7<=C18-IF(S18="",0,1)),J18&" ","")&IF(AND(8>=(IF(M18=1,2,1)+AD18),8<=C18-IF(S18="",0,1)),K18&" ",""))) | R18: =IF(Q18="","",IFERROR(INDEX(資格マスタ!$B:$B,MATCH(ASC(SUBSTITUTE(SUBSTITUTE(Q18," ","")," ","")),資格マスタ!$D:$D,0)),Q18)) | S18: =IF(C18<2,"",IFERROR(IF(OR(LEFT(INDEX(D18:K18,MIN(8,MAX(1,C18))),2)="令和",LEFT(INDEX(D18:K18,MIN(8,MAX(1,C18))),2)="平成",LEFT(INDEX(D18:K18,MIN(8,MAX(1,C18))),2)="昭和"),DATE(VALUE(MID(INDEX(D18:K18,MIN(8,MAX(1,C18))),3,FIND("年",INDEX(D18:K18,MIN(8,MAX(1,C18))))-3))+IF(LEFT(INDEX(D18:K18,MIN(8,MAX(1,C18))),2)="令和",2018,IF(LEFT(INDEX(D18:K18,MIN(8,MAX(1,C18))),2)="平成",1988,1925)),VALUE(MID(INDEX(D18:K18,MIN(8,MAX(1,C18))),FIND("年",INDEX(D18:K18,MIN(8,MAX(1,C18))))+1,FIND("月",INDEX(D18:K18,MIN(8,MAX(1,C18))))-FIND("年",INDEX(D18:K18,MIN(8,MAX(1,C18))))-1)),VALUE(SUBSTITUTE(MID(INDEX(D18:K18,MIN(8,MAX(1,C18))),FIND("月",INDEX(D18:K18,MIN(8,MAX(1,C18))))+1,10),"日",""))),DATE(VALUE(TRIM(MID(SUBSTITUTE(AA18,"/",REPT(" ",50)),1,50))),VALUE(TRIM(MID(SUBSTITUTE(AA18,"/",REPT(" ",50)),51,50))),VALUE(TRIM(MID(SUBSTITUTE(AA18,"/",REPT(" ",50)),101,50))))),IFERROR(DATEVALUE(INDEX(D18:K18,MIN(8,MAX(1,C18)))),""))) | T18: =IF(B18="","",IF(AB18<>"",AB18,IFERROR(MATCH(SUBSTITUTE(SUBSTITUTE(P18," ","")," ",""),入力!$AJ$5:$AJ$44,0),""))) | U18: =IF(T18="","",INDEX(入力!$D$5:$D$44,T18)) | V18: =IF(B18="","",IF(T18="","要確認（名簿と照合できません）",IF(R18="","要確認（資格名がありません）",IF(S18="","要確認（取得日が読めません）",IF((IF(INDEX(入力!$N$5:$N$44,T18)=R18,1,0)+IF(INDEX(入力!$P$5:$P$44,T18)=R18,1,0)+IF(INDEX(入力!$R$5:$R$44,T18)=R18,1,0)+IF(INDEX(入力!$T$5:$T$44,T18)=R18,1,0)+IF(INDEX(入力!$V$5:$V$44,T18)=R18,1,0)+IF(INDEX(入力!$X$5:$X$44,T18)=R18,1,0))+(COUNTIFS($T$6:$T$205,T18,$R$6:$R$205,R18,$X$6:$X$205,"<"&X18))>0,"重複","反映"))))) | W18: =IF(V18="反映",1,0) | X18: 18 | Y18: =IF(W18=0,"",COUNTIFS($T$6:$T$205,T18,$W$6:$W$205,1,$S$6:$S$205,"<"&S18)+COUNTIFS($T$6:$T$205,T18,$W$6:$W$205,1,$S$6:$S$205,S18,$X$6:$X$205,"<"&X18)+1) | Z18: =IF(Y18="","",T18&"_"&Y18) | AA18: =SUBSTITUTE(SUBSTITUTE(SUBSTITUTE(SUBSTITUTE(SUBSTITUTE(INDEX(D18:K18,MIN(8,MAX(1,C18))),"年","/"),"月","/"),"日",""),"-","/"),".","/") | AB18: =IFERROR(MATCH(O18,入力!$C$5:$C$44,0),"") | AC18: =IF(AB18="","",INDEX(入力!$AJ$5:$AJ$44,AB18)) | AD18: =IF(INDEX($D18:$K18,IF(M18=1,2,1))=AC18,1,IF(INDEX($D18:$K18,IF(M18=1,2,1))&INDEX($D18:$K18,IF(M18=1,2,1)+1)=AC18,2,IF(INDEX($D18:$K18,IF(M18=1,2,1))&INDEX($D18:$K18,IF(M18=1,2,1)+1)&INDEX($D18:$K18,IF(M18=1,2,1)+2)=AC18,3,IF(AB18<>"",2,IF(ISNUMBER(MATCH(INDEX($D18:$K18,IF(M18=1,2,1)),入力!$AJ$5:$AJ$44,0)),1,IF(ISNUMBER(MATCH(INDEX($D18:$K18,IF(M18=1,2,1))&INDEX($D18:$K18,IF(M18=1,2,1)+1),入力!$AJ$5:$AJ$44,0)),2,IF(ISNUMBER(MATCH(INDEX($D18:$K18,IF(M18=1,2,1))&INDEX($D18:$K18,IF(M18=1,2,1)+1)&INDEX($D18:$K18,IF(M18=1,2,1)+2),入力!$AJ$5:$AJ$44,0)),3,2)))))))
B19: =TRIM(SUBSTITUTE(SUBSTITUTE(SUBSTITUTE(A19,CHAR(9)," ")," "," "),CHAR(160)," ")) | C19: =IF(B19="",0,LEN(B19)-LEN(SUBSTITUTE(B19," ",""))+1) | D19: =IF(C19>=1,TRIM(MID(SUBSTITUTE(B19," ",REPT(" ",200)),1,200)),"") | E19: =IF(C19>=2,TRIM(MID(SUBSTITUTE(B19," ",REPT(" ",200)),201,200)),"") | F19: =IF(C19>=3,TRIM(MID(SUBSTITUTE(B19," ",REPT(" ",200)),401,200)),"") | G19: =IF(C19>=4,TRIM(MID(SUBSTITUTE(B19," ",REPT(" ",200)),601,200)),"") | H19: =IF(C19>=5,TRIM(MID(SUBSTITUTE(B19," ",REPT(" ",200)),801,200)),"") | I19: =IF(C19>=6,TRIM(MID(SUBSTITUTE(B19," ",REPT(" ",200)),1001,200)),"") | J19: =IF(C19>=7,TRIM(MID(SUBSTITUTE(B19," ",REPT(" ",200)),1201,200)),"") | K19: =IF(C19>=8,TRIM(MID(SUBSTITUTE(B19," ",REPT(" ",200)),1401,200)),"") | L19: =SUBSTITUTE(SUBSTITUTE(SUBSTITUTE(D19,"年","-"),"組","-"),"番","") | M19: =IF(D19="",0,IF(ISNUMBER(VALUE(SUBSTITUTE(L19,"-",""))),1,0)) | N19: =IF(M19=0,"",IFERROR(VALUE(TRIM(MID(SUBSTITUTE(L19,"-",REPT(" ",100)),101,100))),"")) | O19: =IF(M19=0,"",IFERROR(VALUE(TRIM(RIGHT(SUBSTITUTE(L19,"-",REPT(" ",100)),100))),"")) | P19: =IF(B19="","",TRIM(INDEX($D19:$K19,IF(M19=1,2,1))&IF(AD19>=2," "&INDEX($D19:$K19,IF(M19=1,2,1)+1),"")&IF(AD19>=3," "&INDEX($D19:$K19,IF(M19=1,2,1)+2),""))) | Q19: =IF(C19<2,"",TRIM(IF(AND(2>=(IF(M19=1,2,1)+AD19),2<=C19-IF(S19="",0,1)),E19&" ","")&IF(AND(3>=(IF(M19=1,2,1)+AD19),3<=C19-IF(S19="",0,1)),F19&" ","")&IF(AND(4>=(IF(M19=1,2,1)+AD19),4<=C19-IF(S19="",0,1)),G19&" ","")&IF(AND(5>=(IF(M19=1,2,1)+AD19),5<=C19-IF(S19="",0,1)),H19&" ","")&IF(AND(6>=(IF(M19=1,2,1)+AD19),6<=C19-IF(S19="",0,1)),I19&" ","")&IF(AND(7>=(IF(M19=1,2,1)+AD19),7<=C19-IF(S19="",0,1)),J19&" ","")&IF(AND(8>=(IF(M19=1,2,1)+AD19),8<=C19-IF(S19="",0,1)),K19&" ",""))) | R19: =IF(Q19="","",IFERROR(INDEX(資格マスタ!$B:$B,MATCH(ASC(SUBSTITUTE(SUBSTITUTE(Q19," ","")," ","")),資格マスタ!$D:$D,0)),Q19)) | S19: =IF(C19<2,"",IFERROR(IF(OR(LEFT(INDEX(D19:K19,MIN(8,MAX(1,C19))),2)="令和",LEFT(INDEX(D19:K19,MIN(8,MAX(1,C19))),2)="平成",LEFT(INDEX(D19:K19,MIN(8,MAX(1,C19))),2)="昭和"),DATE(VALUE(MID(INDEX(D19:K19,MIN(8,MAX(1,C19))),3,FIND("年",INDEX(D19:K19,MIN(8,MAX(1,C19))))-3))+IF(LEFT(INDEX(D19:K19,MIN(8,MAX(1,C19))),2)="令和",2018,IF(LEFT(INDEX(D19:K19,MIN(8,MAX(1,C19))),2)="平成",1988,1925)),VALUE(MID(INDEX(D19:K19,MIN(8,MAX(1,C19))),FIND("年",INDEX(D19:K19,MIN(8,MAX(1,C19))))+1,FIND("月",INDEX(D19:K19,MIN(8,MAX(1,C19))))-FIND("年",INDEX(D19:K19,MIN(8,MAX(1,C19))))-1)),VALUE(SUBSTITUTE(MID(INDEX(D19:K19,MIN(8,MAX(1,C19))),FIND("月",INDEX(D19:K19,MIN(8,MAX(1,C19))))+1,10),"日",""))),DATE(VALUE(TRIM(MID(SUBSTITUTE(AA19,"/",REPT(" ",50)),1,50))),VALUE(TRIM(MID(SUBSTITUTE(AA19,"/",REPT(" ",50)),51,50))),VALUE(TRIM(MID(SUBSTITUTE(AA19,"/",REPT(" ",50)),101,50))))),IFERROR(DATEVALUE(INDEX(D19:K19,MIN(8,MAX(1,C19)))),""))) | T19: =IF(B19="","",IF(AB19<>"",AB19,IFERROR(MATCH(SUBSTITUTE(SUBSTITUTE(P19," ","")," ",""),入力!$AJ$5:$AJ$44,0),""))) | U19: =IF(T19="","",INDEX(入力!$D$5:$D$44,T19)) | V19: =IF(B19="","",IF(T19="","要確認（名簿と照合できません）",IF(R19="","要確認（資格名がありません）",IF(S19="","要確認（取得日が読めません）",IF((IF(INDEX(入力!$N$5:$N$44,T19)=R19,1,0)+IF(INDEX(入力!$P$5:$P$44,T19)=R19,1,0)+IF(INDEX(入力!$R$5:$R$44,T19)=R19,1,0)+IF(INDEX(入力!$T$5:$T$44,T19)=R19,1,0)+IF(INDEX(入力!$V$5:$V$44,T19)=R19,1,0)+IF(INDEX(入力!$X$5:$X$44,T19)=R19,1,0))+(COUNTIFS($T$6:$T$205,T19,$R$6:$R$205,R19,$X$6:$X$205,"<"&X19))>0,"重複","反映"))))) | W19: =IF(V19="反映",1,0) | X19: 19 | Y19: =IF(W19=0,"",COUNTIFS($T$6:$T$205,T19,$W$6:$W$205,1,$S$6:$S$205,"<"&S19)+COUNTIFS($T$6:$T$205,T19,$W$6:$W$205,1,$S$6:$S$205,S19,$X$6:$X$205,"<"&X19)+1) | Z19: =IF(Y19="","",T19&"_"&Y19) | AA19: =SUBSTITUTE(SUBSTITUTE(SUBSTITUTE(SUBSTITUTE(SUBSTITUTE(INDEX(D19:K19,MIN(8,MAX(1,C19))),"年","/"),"月","/"),"日",""),"-","/"),".","/") | AB19: =IFERROR(MATCH(O19,入力!$C$5:$C$44,0),"") | AC19: =IF(AB19="","",INDEX(入力!$AJ$5:$AJ$44,AB19)) | AD19: =IF(INDEX($D19:$K19,IF(M19=1,2,1))=AC19,1,IF(INDEX($D19:$K19,IF(M19=1,2,1))&INDEX($D19:$K19,IF(M19=1,2,1)+1)=AC19,2,IF(INDEX($D19:$K19,IF(M19=1,2,1))&INDEX($D19:$K19,IF(M19=1,2,1)+1)&INDEX($D19:$K19,IF(M19=1,2,1)+2)=AC19,3,IF(AB19<>"",2,IF(ISNUMBER(MATCH(INDEX($D19:$K19,IF(M19=1,2,1)),入力!$AJ$5:$AJ$44,0)),1,IF(ISNUMBER(MATCH(INDEX($D19:$K19,IF(M19=1,2,1))&INDEX($D19:$K19,IF(M19=1,2,1)+1),入力!$AJ$5:$AJ$44,0)),2,IF(ISNUMBER(MATCH(INDEX($D19:$K19,IF(M19=1,2,1))&INDEX($D19:$K19,IF(M19=1,2,1)+1)&INDEX($D19:$K19,IF(M19=1,2,1)+2),入力!$AJ$5:$AJ$44,0)),3,2)))))))
B20: =TRIM(SUBSTITUTE(SUBSTITUTE(SUBSTITUTE(A20,CHAR(9)," ")," "," "),CHAR(160)," ")) | C20: =IF(B20="",0,LEN(B20)-LEN(SUBSTITUTE(B20," ",""))+1) | D20: =IF(C20>=1,TRIM(MID(SUBSTITUTE(B20," ",REPT(" ",200)),1,200)),"") | E20: =IF(C20>=2,TRIM(MID(SUBSTITUTE(B20," ",REPT(" ",200)),201,200)),"") | F20: =IF(C20>=3,TRIM(MID(SUBSTITUTE(B20," ",REPT(" ",200)),401,200)),"") | G20: =IF(C20>=4,TRIM(MID(SUBSTITUTE(B20," ",REPT(" ",200)),601,200)),"") | H20: =IF(C20>=5,TRIM(MID(SUBSTITUTE(B20," ",REPT(" ",200)),801,200)),"") | I20: =IF(C20>=6,TRIM(MID(SUBSTITUTE(B20," ",REPT(" ",200)),1001,200)),"") | J20: =IF(C20>=7,TRIM(MID(SUBSTITUTE(B20," ",REPT(" ",200)),1201,200)),"") | K20: =IF(C20>=8,TRIM(MID(SUBSTITUTE(B20," ",REPT(" ",200)),1401,200)),"") | L20: =SUBSTITUTE(SUBSTITUTE(SUBSTITUTE(D20,"年","-"),"組","-"),"番","") | M20: =IF(D20="",0,IF(ISNUMBER(VALUE(SUBSTITUTE(L20,"-",""))),1,0)) | N20: =IF(M20=0,"",IFERROR(VALUE(TRIM(MID(SUBSTITUTE(L20,"-",REPT(" ",100)),101,100))),"")) | O20: =IF(M20=0,"",IFERROR(VALUE(TRIM(RIGHT(SUBSTITUTE(L20,"-",REPT(" ",100)),100))),"")) | P20: =IF(B20="","",TRIM(INDEX($D20:$K20,IF(M20=1,2,1))&IF(AD20>=2," "&INDEX($D20:$K20,IF(M20=1,2,1)+1),"")&IF(AD20>=3," "&INDEX($D20:$K20,IF(M20=1,2,1)+2),""))) | Q20: =IF(C20<2,"",TRIM(IF(AND(2>=(IF(M20=1,2,1)+AD20),2<=C20-IF(S20="",0,1)),E20&" ","")&IF(AND(3>=(IF(M20=1,2,1)+AD20),3<=C20-IF(S20="",0,1)),F20&" ","")&IF(AND(4>=(IF(M20=1,2,1)+AD20),4<=C20-IF(S20="",0,1)),G20&" ","")&IF(AND(5>=(IF(M20=1,2,1)+AD20),5<=C20-IF(S20="",0,1)),H20&" ","")&IF(AND(6>=(IF(M20=1,2,1)+AD20),6<=C20-IF(S20="",0,1)),I20&" ","")&IF(AND(7>=(IF(M20=1,2,1)+AD20),7<=C20-IF(S20="",0,1)),J20&" ","")&IF(AND(8>=(IF(M20=1,2,1)+AD20),8<=C20-IF(S20="",0,1)),K20&" ",""))) | R20: =IF(Q20="","",IFERROR(INDEX(資格マスタ!$B:$B,MATCH(ASC(SUBSTITUTE(SUBSTITUTE(Q20," ","")," ","")),資格マスタ!$D:$D,0)),Q20)) | S20: =IF(C20<2,"",IFERROR(IF(OR(LEFT(INDEX(D20:K20,MIN(8,MAX(1,C20))),2)="令和",LEFT(INDEX(D20:K20,MIN(8,MAX(1,C20))),2)="平成",LEFT(INDEX(D20:K20,MIN(8,MAX(1,C20))),2)="昭和"),DATE(VALUE(MID(INDEX(D20:K20,MIN(8,MAX(1,C20))),3,FIND("年",INDEX(D20:K20,MIN(8,MAX(1,C20))))-3))+IF(LEFT(INDEX(D20:K20,MIN(8,MAX(1,C20))),2)="令和",2018,IF(LEFT(INDEX(D20:K20,MIN(8,MAX(1,C20))),2)="平成",1988,1925)),VALUE(MID(INDEX(D20:K20,MIN(8,MAX(1,C20))),FIND("年",INDEX(D20:K20,MIN(8,MAX(1,C20))))+1,FIND("月",INDEX(D20:K20,MIN(8,MAX(1,C20))))-FIND("年",INDEX(D20:K20,MIN(8,MAX(1,C20))))-1)),VALUE(SUBSTITUTE(MID(INDEX(D20:K20,MIN(8,MAX(1,C20))),FIND("月",INDEX(D20:K20,MIN(8,MAX(1,C20))))+1,10),"日",""))),DATE(VALUE(TRIM(MID(SUBSTITUTE(AA20,"/",REPT(" ",50)),1,50))),VALUE(TRIM(MID(SUBSTITUTE(AA20,"/",REPT(" ",50)),51,50))),VALUE(TRIM(MID(SUBSTITUTE(AA20,"/",REPT(" ",50)),101,50))))),IFERROR(DATEVALUE(INDEX(D20:K20,MIN(8,MAX(1,C20)))),""))) | T20: =IF(B20="","",IF(AB20<>"",AB20,IFERROR(MATCH(SUBSTITUTE(SUBSTITUTE(P20," ","")," ",""),入力!$AJ$5:$AJ$44,0),""))) | U20: =IF(T20="","",INDEX(入力!$D$5:$D$44,T20)) | V20: =IF(B20="","",IF(T20="","要確認（名簿と照合できません）",IF(R20="","要確認（資格名がありません）",IF(S20="","要確認（取得日が読めません）",IF((IF(INDEX(入力!$N$5:$N$44,T20)=R20,1,0)+IF(INDEX(入力!$P$5:$P$44,T20)=R20,1,0)+IF(INDEX(入力!$R$5:$R$44,T20)=R20,1,0)+IF(INDEX(入力!$T$5:$T$44,T20)=R20,1,0)+IF(INDEX(入力!$V$5:$V$44,T20)=R20,1,0)+IF(INDEX(入力!$X$5:$X$44,T20)=R20,1,0))+(COUNTIFS($T$6:$T$205,T20,$R$6:$R$205,R20,$X$6:$X$205,"<"&X20))>0,"重複","反映"))))) | W20: =IF(V20="反映",1,0) | X20: 20 | Y20: =IF(W20=0,"",COUNTIFS($T$6:$T$205,T20,$W$6:$W$205,1,$S$6:$S$205,"<"&S20)+COUNTIFS($T$6:$T$205,T20,$W$6:$W$205,1,$S$6:$S$205,S20,$X$6:$X$205,"<"&X20)+1) | Z20: =IF(Y20="","",T20&"_"&Y20) | AA20: =SUBSTITUTE(SUBSTITUTE(SUBSTITUTE(SUBSTITUTE(SUBSTITUTE(INDEX(D20:K20,MIN(8,MAX(1,C20))),"年","/"),"月","/"),"日",""),"-","/"),".","/") | AB20: =IFERROR(MATCH(O20,入力!$C$5:$C$44,0),"") | AC20: =IF(AB20="","",INDEX(入力!$AJ$5:$AJ$44,AB20)) | AD20: =IF(INDEX($D20:$K20,IF(M20=1,2,1))=AC20,1,IF(INDEX($D20:$K20,IF(M20=1,2,1))&INDEX($D20:$K20,IF(M20=1,2,1)+1)=AC20,2,IF(INDEX($D20:$K20,IF(M20=1,2,1))&INDEX($D20:$K20,IF(M20=1,2,1)+1)&INDEX($D20:$K20,IF(M20=1,2,1)+2)=AC20,3,IF(AB20<>"",2,IF(ISNUMBER(MATCH(INDEX($D20:$K20,IF(M20=1,2,1)),入力!$AJ$5:$AJ$44,0)),1,IF(ISNUMBER(MATCH(INDEX($D20:$K20,IF(M20=1,2,1))&INDEX($D20:$K20,IF(M20=1,2,1)+1),入力!$AJ$5:$AJ$44,0)),2,IF(ISNUMBER(MATCH(INDEX($D20:$K20,IF(M20=1,2,1))&INDEX($D20:$K20,IF(M20=1,2,1)+1)&INDEX($D20:$K20,IF(M20=1,2,1)+2),入力!$AJ$5:$AJ$44,0)),3,2)))))))
B21: =TRIM(SUBSTITUTE(SUBSTITUTE(SUBSTITUTE(A21,CHAR(9)," ")," "," "),CHAR(160)," ")) | C21: =IF(B21="",0,LEN(B21)-LEN(SUBSTITUTE(B21," ",""))+1) | D21: =IF(C21>=1,TRIM(MID(SUBSTITUTE(B21," ",REPT(" ",200)),1,200)),"") | E21: =IF(C21>=2,TRIM(MID(SUBSTITUTE(B21," ",REPT(" ",200)),201,200)),"") | F21: =IF(C21>=3,TRIM(MID(SUBSTITUTE(B21," ",REPT(" ",200)),401,200)),"") | G21: =IF(C21>=4,TRIM(MID(SUBSTITUTE(B21," ",REPT(" ",200)),601,200)),"") | H21: =IF(C21>=5,TRIM(MID(SUBSTITUTE(B21," ",REPT(" ",200)),801,200)),"") | I21: =IF(C21>=6,TRIM(MID(SUBSTITUTE(B21," ",REPT(" ",200)),1001,200)),"") | J21: =IF(C21>=7,TRIM(MID(SUBSTITUTE(B21," ",REPT(" ",200)),1201,200)),"") | K21: =IF(C21>=8,TRIM(MID(SUBSTITUTE(B21," ",REPT(" ",200)),1401,200)),"") | L21: =SUBSTITUTE(SUBSTITUTE(SUBSTITUTE(D21,"年","-"),"組","-"),"番","") | M21: =IF(D21="",0,IF(ISNUMBER(VALUE(SUBSTITUTE(L21,"-",""))),1,0)) | N21: =IF(M21=0,"",IFERROR(VALUE(TRIM(MID(SUBSTITUTE(L21,"-",REPT(" ",100)),101,100))),"")) | O21: =IF(M21=0,"",IFERROR(VALUE(TRIM(RIGHT(SUBSTITUTE(L21,"-",REPT(" ",100)),100))),"")) | P21: =IF(B21="","",TRIM(INDEX($D21:$K21,IF(M21=1,2,1))&IF(AD21>=2," "&INDEX($D21:$K21,IF(M21=1,2,1)+1),"")&IF(AD21>=3," "&INDEX($D21:$K21,IF(M21=1,2,1)+2),""))) | Q21: =IF(C21<2,"",TRIM(IF(AND(2>=(IF(M21=1,2,1)+AD21),2<=C21-IF(S21="",0,1)),E21&" ","")&IF(AND(3>=(IF(M21=1,2,1)+AD21),3<=C21-IF(S21="",0,1)),F21&" ","")&IF(AND(4>=(IF(M21=1,2,1)+AD21),4<=C21-IF(S21="",0,1)),G21&" ","")&IF(AND(5>=(IF(M21=1,2,1)+AD21),5<=C21-IF(S21="",0,1)),H21&" ","")&IF(AND(6>=(IF(M21=1,2,1)+AD21),6<=C21-IF(S21="",0,1)),I21&" ","")&IF(AND(7>=(IF(M21=1,2,1)+AD21),7<=C21-IF(S21="",0,1)),J21&" ","")&IF(AND(8>=(IF(M21=1,2,1)+AD21),8<=C21-IF(S21="",0,1)),K21&" ",""))) | R21: =IF(Q21="","",IFERROR(INDEX(資格マスタ!$B:$B,MATCH(ASC(SUBSTITUTE(SUBSTITUTE(Q21," ","")," ","")),資格マスタ!$D:$D,0)),Q21)) | S21: =IF(C21<2,"",IFERROR(IF(OR(LEFT(INDEX(D21:K21,MIN(8,MAX(1,C21))),2)="令和",LEFT(INDEX(D21:K21,MIN(8,MAX(1,C21))),2)="平成",LEFT(INDEX(D21:K21,MIN(8,MAX(1,C21))),2)="昭和"),DATE(VALUE(MID(INDEX(D21:K21,MIN(8,MAX(1,C21))),3,FIND("年",INDEX(D21:K21,MIN(8,MAX(1,C21))))-3))+IF(LEFT(INDEX(D21:K21,MIN(8,MAX(1,C21))),2)="令和",2018,IF(LEFT(INDEX(D21:K21,MIN(8,MAX(1,C21))),2)="平成",1988,1925)),VALUE(MID(INDEX(D21:K21,MIN(8,MAX(1,C21))),FIND("年",INDEX(D21:K21,MIN(8,MAX(1,C21))))+1,FIND("月",INDEX(D21:K21,MIN(8,MAX(1,C21))))-FIND("年",INDEX(D21:K21,MIN(8,MAX(1,C21))))-1)),VALUE(SUBSTITUTE(MID(INDEX(D21:K21,MIN(8,MAX(1,C21))),FIND("月",INDEX(D21:K21,MIN(8,MAX(1,C21))))+1,10),"日",""))),DATE(VALUE(TRIM(MID(SUBSTITUTE(AA21,"/",REPT(" ",50)),1,50))),VALUE(TRIM(MID(SUBSTITUTE(AA21,"/",REPT(" ",50)),51,50))),VALUE(TRIM(MID(SUBSTITUTE(AA21,"/",REPT(" ",50)),101,50))))),IFERROR(DATEVALUE(INDEX(D21:K21,MIN(8,MAX(1,C21)))),""))) | T21: =IF(B21="","",IF(AB21<>"",AB21,IFERROR(MATCH(SUBSTITUTE(SUBSTITUTE(P21," ","")," ",""),入力!$AJ$5:$AJ$44,0),""))) | U21: =IF(T21="","",INDEX(入力!$D$5:$D$44,T21)) | V21: =IF(B21="","",IF(T21="","要確認（名簿と照合できません）",IF(R21="","要確認（資格名がありません）",IF(S21="","要確認（取得日が読めません）",IF((IF(INDEX(入力!$N$5:$N$44,T21)=R21,1,0)+IF(INDEX(入力!$P$5:$P$44,T21)=R21,1,0)+IF(INDEX(入力!$R$5:$R$44,T21)=R21,1,0)+IF(INDEX(入力!$T$5:$T$44,T21)=R21,1,0)+IF(INDEX(入力!$V$5:$V$44,T21)=R21,1,0)+IF(INDEX(入力!$X$5:$X$44,T21)=R21,1,0))+(COUNTIFS($T$6:$T$205,T21,$R$6:$R$205,R21,$X$6:$X$205,"<"&X21))>0,"重複","反映"))))) | W21: =IF(V21="反映",1,0) | X21: 21 | Y21: =IF(W21=0,"",COUNTIFS($T$6:$T$205,T21,$W$6:$W$205,1,$S$6:$S$205,"<"&S21)+COUNTIFS($T$6:$T$205,T21,$W$6:$W$205,1,$S$6:$S$205,S21,$X$6:$X$205,"<"&X21)+1) | Z21: =IF(Y21="","",T21&"_"&Y21) | AA21: =SUBSTITUTE(SUBSTITUTE(SUBSTITUTE(SUBSTITUTE(SUBSTITUTE(INDEX(D21:K21,MIN(8,MAX(1,C21))),"年","/"),"月","/"),"日",""),"-","/"),".","/") | AB21: =IFERROR(MATCH(O21,入力!$C$5:$C$44,0),"") | AC21: =IF(AB21="","",INDEX(入力!$AJ$5:$AJ$44,AB21)) | AD21: =IF(INDEX($D21:$K21,IF(M21=1,2,1))=AC21,1,IF(INDEX($D21:$K21,IF(M21=1,2,1))&INDEX($D21:$K21,IF(M21=1,2,1)+1)=AC21,2,IF(INDEX($D21:$K21,IF(M21=1,2,1))&INDEX($D21:$K21,IF(M21=1,2,1)+1)&INDEX($D21:$K21,IF(M21=1,2,1)+2)=AC21,3,IF(AB21<>"",2,IF(ISNUMBER(MATCH(INDEX($D21:$K21,IF(M21=1,2,1)),入力!$AJ$5:$AJ$44,0)),1,IF(ISNUMBER(MATCH(INDEX($D21:$K21,IF(M21=1,2,1))&INDEX($D21:$K21,IF(M21=1,2,1)+1),入力!$AJ$5:$AJ$44,0)),2,IF(ISNUMBER(MATCH(INDEX($D21:$K21,IF(M21=1,2,1))&INDEX($D21:$K21,IF(M21=1,2,1)+1)&INDEX($D21:$K21,IF(M21=1,2,1)+2),入力!$AJ$5:$AJ$44,0)),3,2)))))))
... B205: =TRIM(SUBSTITUTE(SUBSTITUTE(SUBSTITUTE(A205,CHAR(9)," ")," "," "),CHAR(160)," ")) | C205: =IF(B205="",0,LEN(B205)-LEN(SUBSTITUTE(B205," ",""))+1) | D205: =IF(C205>=1,TRIM(MID(SUBSTITUTE(B205," ",REPT(" ",200)),1,200)),"") | E205: =IF(C205>=2,TRIM(MID(SUBSTITUTE(B205," ",REPT(" ",200)),201,200)),"") | F205: =IF(C205>=3,TRIM(MID(SUBSTITUTE(B205," ",REPT(" ",200)),401,200)),"") | G205: =IF(C205>=4,TRIM(MID(SUBSTITUTE(B205," ",REPT(" ",200)),601,200)),"") | H205: =IF(C205>=5,TRIM(MID(SUBSTITUTE(B205," ",REPT(" ",200)),801,200)),"") | I205: =IF(C205>=6,TRIM(MID(SUBSTITUTE(B205," ",REPT(" ",200)),1001,200)),"") | J205: =IF(C205>=7,TRIM(MID(SUBSTITUTE(B205," ",REPT(" ",200)),1201,200)),"") | K205: =IF(C205>=8,TRIM(MID(SUBSTITUTE(B205," ",REPT(" ",200)),1401,200)),"") | L205: =SUBSTITUTE(SUBSTITUTE(SUBSTITUTE(D205,"年","-"),"組","-"),"番","") | M205: =IF(D205="",0,IF(ISNUMBER(VALUE(SUBSTITUTE(L205,"-",""))),1,0)) | N205: =IF(M205=0,"",IFERROR(VALUE(TRIM(MID(SUBSTITUTE(L205,"-",REPT(" ",100)),101,100))),"")) | O205: =IF(M205=0,"",IFERROR(VALUE(TRIM(RIGHT(SUBSTITUTE(L205,"-",REPT(" ",100)),100))),"")) | P205: =IF(B205="","",TRIM(INDEX($D205:$K205,IF(M205=1,2,1))&IF(AD205>=2," "&INDEX($D205:$K205,IF(M205=1,2,1)+1),"")&IF(AD205>=3," "&INDEX($D205:$K205,IF(M205=1,2,1)+2),""))) | Q205: =IF(C205<2,"",TRIM(IF(AND(2>=(IF(M205=1,2,1)+AD205),2<=C205-IF(S205="",0,1)),E205&" ","")&IF(AND(3>=(IF(M205=1,2,1)+AD205),3<=C205-IF(S205="",0,1)),F205&" ","")&IF(AND(4>=(IF(M205=1,2,1)+AD205),4<=C205-IF(S205="",0,1)),G205&" ","")&IF(AND(5>=(IF(M205=1,2,1)+AD205),5<=C205-IF(S205="",0,1)),H205&" ","")&IF(AND(6>=(IF(M205=1,2,1)+AD205),6<=C205-IF(S205="",0,1)),I205&" ","")&IF(AND(7>=(IF(M205=1,2,1)+AD205),7<=C205-IF(S205="",0,1)),J205&" ","")&IF(AND(8>=(IF(M205=1,2,1)+AD205),8<=C205-IF(S205="",0,1)),K205&" ",""))) | R205: =IF(Q205="","",IFERROR(INDEX(資格マスタ!$B:$B,MATCH(ASC(SUBSTITUTE(SUBSTITUTE(Q205," ","")," ","")),資格マスタ!$D:$D,0)),Q205)) | S205: =IF(C205<2,"",IFERROR(IF(OR(LEFT(INDEX(D205:K205,MIN(8,MAX(1,C205))),2)="令和",LEFT(INDEX(D205:K205,MIN(8,MAX(1,C205))),2)="平成",LEFT(INDEX(D205:K205,MIN(8,MAX(1,C205))),2)="昭和"),DATE(VALUE(MID(INDEX(D205:K205,MIN(8,MAX(1,C205))),3,FIND("年",INDEX(D205:K205,MIN(8,MAX(1,C205))))-3))+IF(LEFT(INDEX(D205:K205,MIN(8,MAX(1,C205))),2)="令和",2018,IF(LEFT(INDEX(D205:K205,MIN(8,MAX(1,C205))),2)="平成",1988,1925)),VALUE(MID(INDEX(D205:K205,MIN(8,MAX(1,C205))),FIND("年",INDEX(D205:K205,MIN(8,MAX(1,C205))))+1,FIND("月",INDEX(D205:K205,MIN(8,MAX(1,C205))))-FIND("年",INDEX(D205:K205,MIN(8,MAX(1,C205))))-1)),VALUE(SUBSTITUTE(MID(INDEX(D205:K205,MIN(8,MAX(1,C205))),FIND("月",INDEX(D205:K205,MIN(8,MAX(1,C205))))+1,10),"日",""))),DATE(VALUE(TRIM(MID(SUBSTITUTE(AA205,"/",REPT(" ",50)),1,50))),VALUE(TRIM(MID(SUBSTITUTE(AA205,"/",REPT(" ",50)),51,50))),VALUE(TRIM(MID(SUBSTITUTE(AA205,"/",REPT(" ",50)),101,50))))),IFERROR(DATEVALUE(INDEX(D205:K205,MIN(8,MAX(1,C205)))),""))) | T205: =IF(B205="","",IF(AB205<>"",AB205,IFERROR(MATCH(SUBSTITUTE(SUBSTITUTE(P205," ","")," ",""),入力!$AJ$5:$AJ$44,0),""))) | U205: =IF(T205="","",INDEX(入力!$D$5:$D$44,T205)) | V205: =IF(B205="","",IF(T205="","要確認（名簿と照合できません）",IF(R205="","要確認（資格名がありません）",IF(S205="","要確認（取得日が読めません）",IF((IF(INDEX(入力!$N$5:$N$44,T205)=R205,1,0)+IF(INDEX(入力!$P$5:$P$44,T205)=R205,1,0)+IF(INDEX(入力!$R$5:$R$44,T205)=R205,1,0)+IF(INDEX(入力!$T$5:$T$44,T205)=R205,1,0)+IF(INDEX(入力!$V$5:$V$44,T205)=R205,1,0)+IF(INDEX(入力!$X$5:$X$44,T205)=R205,1,0))+(COUNTIFS($T$6:$T$205,T205,$R$6:$R$205,R205,$X$6:$X$205,"<"&X205))>0,"重複","反映"))))) | W205: =IF(V205="反映",1,0) | X205: 205 | Y205: =IF(W205=0,"",COUNTIFS($T$6:$T$205,T205,$W$6:$W$205,1,$S$6:$S$205,"<"&S205)+COUNTIFS($T$6:$T$205,T205,$W$6:$W$205,1,$S$6:$S$205,S205,$X$6:$X$205,"<"&X205)+1) | Z205: =IF(Y205="","",T205&"_"&Y205) | AA205: =SUBSTITUTE(SUBSTITUTE(SUBSTITUTE(SUBSTITUTE(SUBSTITUTE(INDEX(D205:K205,MIN(8,MAX(1,C205))),"年","/"),"月","/"),"日",""),"-","/"),".","/") | AB205: =IFERROR(MATCH(O205,入力!$C$5:$C$44,0),"") | AC205: =IF(AB205="","",INDEX(入力!$AJ$5:$AJ$44,AB205)) | AD205: =IF(INDEX($D205:$K205,IF(M205=1,2,1))=AC205,1,IF(INDEX($D205:$K205,IF(M205=1,2,1))&INDEX($D205:$K205,IF(M205=1,2,1)+1)=AC205,2,IF(INDEX($D205:$K205,IF(M205=1,2,1))&INDEX($D205:$K205,IF(M205=1,2,1)+1)&INDEX($D205:$K205,IF(M205=1,2,1)+2)=AC205,3,IF(AB205<>"",2,IF(ISNUMBER(MATCH(INDEX($D205:$K205,IF(M205=1,2,1)),入力!$AJ$5:$AJ$44,0)),1,IF(ISNUMBER(MATCH(INDEX($D205:$K205,IF(M205=1,2,1))&INDEX($D205:$K205,IF(M205=1,2,1)+1),入力!$AJ$5:$AJ$44,0)),2,IF(ISNUMBER(MATCH(INDEX($D205:$K205,IF(M205=1,2,1))&INDEX($D205:$K205,IF(M205=1,2,1)+1)&INDEX($D205:$K205,IF(M205=1,2,1)+2),入力!$AJ$5:$AJ$44,0)),3,2)))))))

Sheet 設定
A1: 設定（全員に共通）
A3: 基準日（満○歳の計算日・用紙の「令和 年 月 日現在」） | B3: 46266 | C3: 用紙の日付欄にもこの日付が入ります
A4: 学校名 | B4: 大阪府立佐野工科高等学校 | C4: 履歴書の在籍校欄に出ます
A5: 既定の学科 | B5: 機械系機械技術科（専科） | C5: 「入力」の学科が空欄のとき、この学科になります
A6: 卒業（見込）年（令和） | B6: 9 | C6: 在籍校欄の「令和 年」
A7: 卒業（見込）月 | B7: 3 | C7: 在籍校欄の「 月」
A8: 印刷する範囲
A9: 開始No（この生徒から） | B9: 1 | C9: 「入力」シートのNo（1〜40）
A10: 終了No（この生徒まで） | B10: 40 | C10: 1人だけのときは、開始と終了に同じ番号を入れます
A12: ▶ 印刷する（クリック → 履歴書シートへ移動 → Ctrl+P）
A14: 上の番号を入れてからボタンを押すと履歴書シートへ移動します。そのまま Ctrl+P（ファイル → 印刷／PDFで保存）を押すと、指定した範囲だけが出ます。
A15: ※ 範囲がうまく反映されないときは、印刷画面の「ページ指定」に同じ番号を入れてください（1ページ＝生徒1人・ページ番号＝No）。

Sheet 反映項目
A1: 反映項目（履歴書に出す項目を選びます）
A2: B列を「×」にすると、入力してあってもその欄は空欄のまま印刷されます。
A3: 項目 | B3: 反映する（○／×）
A4: 氏名 | B4: ○ | C4: name
A5: ふりがな（氏名） | B5: ○ | C5: name_kana
A6: 生年月日・満○歳 | B6: ○ | C6: birth
A7: 郵便番号 | B7: ○ | C7: zip
A8: 住所 | B8: ○ | C8: address
A9: ふりがな（住所） | B9: ○ | C9: address_kana
A10: 連絡先（「同上」を含む） | B10: ○ | C10: contact
A11: 資格等 | B11: ○ | C11: licenses
A12: 校内外の諸活動 | B12: ○ | C12: activities
A13: 志望の動機 | B13: ○ | C13: motivation
A14: 希望の職種 | B14: ○ | C14: desired_job
A15: アピールポイント | B15: ○ | C15: appeal
... A17: 備考 | B17: ○ | C17: remarks

Sheet 学科マスタ
A1: 学科マスタ（在籍校欄に出す学科・6種類）
A2: 学科名
A3: 産業創造系製品開発科（専科）
A4: 産業創造系ﾃｷｽﾀｲﾙﾃﾞｻﾞｲﾝ科（専科）
A5: 機械系機械技術科（専科）
A6: 機械系機械設計科（専科）
A7: 電気系電気技術科（専科）
A8: 電気系電子制御科（専科）
A10: ※ 学科名を変えたいときは、上の6行を書き換えてください。

Sheet 資格マスタ
A1: 資格マスタ（入力した名称 → 履歴書に印字する正式名称）
A2: 入力での名称 | B2: 履歴書での正式名称 | C2: メモ | D2: 照合キー（自動）
A3: 実用英語検定5級 | B3: 実用英語検定5級 | D3: =IF(A3="","",ASC(SUBSTITUTE(SUBSTITUTE(A3," ","")," ","")))
A4: 実用英語検定4級 | B4: 実用英語検定4級 | D4: =IF(A4="","",ASC(SUBSTITUTE(SUBSTITUTE(A4," ","")," ","")))
A5: 実用英語検定3級 | B5: 実用英語検定3級 | D5: =IF(A5="","",ASC(SUBSTITUTE(SUBSTITUTE(A5," ","")," ","")))
A6: 実用英語検定準２級 | B6: 実用英語検定準２級 | D6: =IF(A6="","",ASC(SUBSTITUTE(SUBSTITUTE(A6," ","")," ","")))
A7: 実用英語検定2級 | B7: 実用英語検定2級 | D7: =IF(A7="","",ASC(SUBSTITUTE(SUBSTITUTE(A7," ","")," ","")))
A8: 実用英語検定1級 | B8: 実用英語検定1級 | D8: =IF(A8="","",ASC(SUBSTITUTE(SUBSTITUTE(A8," ","")," ","")))
A9: 日本漢字能力検定4級 | B9: 日本漢字能力検定4級 | D9: =IF(A9="","",ASC(SUBSTITUTE(SUBSTITUTE(A9," ","")," ","")))
A10: 日本漢字能力検定3級 | B10: 日本漢字能力検定3級 | D10: =IF(A10="","",ASC(SUBSTITUTE(SUBSTITUTE(A10," ","")," ","")))
A11: 日本漢字能力検定準2級 | B11: 日本漢字能力検定準2級 | D11: =IF(A11="","",ASC(SUBSTITUTE(SUBSTITUTE(A11," ","")," ","")))
A12: 日本漢字能力検定2級 | B12: 日本漢字能力検定2級 | D12: =IF(A12="","",ASC(SUBSTITUTE(SUBSTITUTE(A12," ","")," ","")))
A13: 計算技術検定1級 | B13: 計算技術検定1級 | D13: =IF(A13="","",ASC(SUBSTITUTE(SUBSTITUTE(A13," ","")," ","")))
A14: 計算技術検定2級 | B14: 計算技術検定2級 | D14: =IF(A14="","",ASC(SUBSTITUTE(SUBSTITUTE(A14," ","")," ","")))
... A72: 硬筆書写技能検定4級 | B72: 硬筆書写技能検定4級 | D72: =IF(A72="","",ASC(SUBSTITUTE(SUBSTITUTE(A72," ","")," ","")))
D73: =IF(A73="","",ASC(SUBSTITUTE(SUBSTITUTE(A73," ","")," ","")))
D74: =IF(A74="","",ASC(SUBSTITUTE(SUBSTITUTE(A74," ","")," ","")))
D75: =IF(A75="","",ASC(SUBSTITUTE(SUBSTITUTE(A75," ","")," ","")))
D76: =IF(A76="","",ASC(SUBSTITUTE(SUBSTITUTE(A76," ","")," ","")))
D77: =IF(A77="","",ASC(SUBSTITUTE(SUBSTITUTE(A77," ","")," ","")))
D78: =IF(A78="","",ASC(SUBSTITUTE(SUBSTITUTE(A78," ","")," ","")))
D79: =IF(A79="","",ASC(SUBSTITUTE(SUBSTITUTE(A79," ","")," ","")))
D80: =IF(A80="","",ASC(SUBSTITUTE(SUBSTITUTE(A80," ","")," ","")))
D81: =IF(A81="","",ASC(SUBSTITUTE(SUBSTITUTE(A81," ","")," ","")))
D82: =IF(A82="","",ASC(SUBSTITUTE(SUBSTITUTE(A82," ","")," ","")))
D83: =IF(A83="","",ASC(SUBSTITUTE(SUBSTITUTE(A83," ","")," ","")))
D84: =IF(A84="","",ASC(SUBSTITUTE(SUBSTITUTE(A84," ","")," ","")))
... D202: =IF(A202="","",ASC(SUBSTITUTE(SUBSTITUTE(A202," ","")," ","")))

Sheet 履歴書
J3: 履 歴 書
BP5: 資 格 等 | BW5: 取 得 年 月 | CH5: 資 格 等 の 名 称
Z8: 令和 | AD8: =IF(N(設定!$B$3)=0,"",YEAR(設定!$B$3)-2018) | AG8: 年 | AI8: =IF(N(設定!$B$3)=0,"",MONTH(設定!$B$3)) | AL8: 月 | AN8: =IF(N(設定!$B$3)=0,"",DAY(設定!$B$3)) | AP8: 日現在
AW9: 写真をはる位置 | BW9: =計算!$O$3 | CH9: =計算!$P$3
E11: ふ り が な | L11: =計算!$C$3
BW13: =計算!$Q$3 | CH13: =計算!$R$3
E15: 名 前 | L15: =計算!$B$3
AX16: （30×40mm）
BW17: =計算!$S$3 | CH17: =計算!$T$3
E21: 生年月日 | L21: 昭和 ・ 平成 | V21: =計算!$D$3 | X21: 年 | Z21: =計算!$E$3 | AC21: 月 | AE21: =計算!$F$3 | AH21: 日 生 （満 | AP21: =計算!$G$3 | AR21: 歳） | BW21: =計算!$U$3 | CH21: =計算!$V$3
E25: ふ り が な | L25: =計算!$J$3 | BW25: =計算!$W$3 | CH25: =計算!$X$3
E28: 現住所 | L28: 〒 | P28: =計算!$H$3
BP30: 校内外の諸活動 | BW30: =計算!$Y$3
L31: =計算!$I$3
E34: ふ り が な | L34: =計算!$M$3
E37: 連絡先 | L37: 〒 | P37: =計算!$K$3
L40: =計算!$L$3
R43: （連絡先欄は現住所以外に連絡を希望する場合のみ記入すること）
BW47: =計算!$Z$3
E53: 在籍校 | AW53: 卒業見込
Y54: =計算!$N$3
P55: =設定!$B$6 | U55: =設定!$B$7
L56: 令和 | S56: 年 | W56: 月
AW57: 卒業
E64: 職 歴 | L64: 平成 | Y64: =計算!$AD$3
P66: =計算!$AB$3 | S66: 年 | U66: =計算!$AC$3 | W66: 月
L67: 令和
L70: 平成 | Y70: =計算!$AG$3
P72: =計算!$AE$3 | S72: 年 | U72: =計算!$AF$3 | W72: 月
L73: 令和
L76: 平成 | BP76: 備 考 | BW76: =計算!$AA$3
S78: 年 | W78: 月
L79: 令和
L82: 平成
S84: 年 | W84: 月
L85: 令和
CJ89: (近畿高等学校統一用紙 その２ 令和７年度改定)
J94: 履 歴 書
BP96: 資 格 等 | BW96: 取 得 年 月 | CH96: 資 格 等 の 名 称
Z99: 令和 | AD99: =IF(N(設定!$B$3)=0,"",YEAR(設定!$B$3)-2018) | AG99: 年 | AI99: =IF(N(設定!$B$3)=0,"",MONTH(設定!$B$3)) | AL99: 月 | AN99: =IF(N(設定!$B$3)=0,"",DAY(設定!$B$3)) | AP99: 日現在
AW100: 写真をはる位置 | BW100: =計算!$O$4 | CH100: =計算!$P$4
E102: ふ り が な | L102: =計算!$C$4
BW104: =計算!$Q$4 | CH104: =計算!$R$4
E106: 名 前 | L106: =計算!$B$4
AX107: （30×40mm）
BW108: =計算!$S$4 | CH108: =計算!$T$4
E112: 生年月日 | L112: 昭和 ・ 平成 | V112: =計算!$D$4 | X112: 年 | Z112: =計算!$E$4 | AC112: 月 | AE112: =計算!$F$4 | AH112: 日 生 （満 | AP112: =計算!$G$4 | AR112: 歳） | BW112: =計算!$U$4 | CH112: =計算!$V$4
E116: ふ り が な | L116: =計算!$J$4 | BW116: =計算!$W$4 | CH116: =計算!$X$4
E119: 現住所 | L119: 〒 | P119: =計算!$H$4
BP121: 校内外の諸活動 | BW121: =計算!$Y$4
L122: =計算!$I$4
E125: ふ り が な | L125: =計算!$M$4
E128: 連絡先 | L128: 〒 | P128: =計算!$K$4
L131: =計算!$L$4
R134: （連絡先欄は現住所以外に連絡を希望する場合のみ記入すること）
BW138: =計算!$Z$4
E144: 在籍校 | AW144: 卒業見込
Y145: =計算!$N$4
P146: =設定!$B$6 | U146: =設定!$B$7
L147: 令和 | S147: 年 | W147: 月
AW148: 卒業
E155: 職 歴 | L155: 平成 | Y155: =計算!$AD$4
P157: =計算!$AB$4 | S157: 年 | U157: =計算!$AC$4 | W157: 月
L158: 令和
L161: 平成 | Y161: =計算!$AG$4
P163: =計算!$AE$4 | S163: 年 | U163: =計算!$AF$4 | W163: 月
L164: 令和
L167: 平成 | BP167: 備 考 | BW167: =計算!$AA$4
S169: 年 | W169: 月
L170: 令和
L173: 平成
S175: 年 | W175: 月
L176: 令和
CJ180: (近畿高等学校統一用紙 その２ 令和７年度改定)
J185: 履 歴 書
BP187: 資 格 等 | BW187: 取 得 年 月 | CH187: 資 格 等 の 名 称
Z190: 令和 | AD190: =IF(N(設定!$B$3)=0,"",YEAR(設定!$B$3)-2018) | AG190: 年 | AI190: =IF(N(設定!$B$3)=0,"",MONTH(設定!$B$3)) | AL190: 月 | AN190: =IF(N(設定!$B$3)=0,"",DAY(設定!$B$3)) | AP190: 日現在
AW191: 写真をはる位置 | BW191: =計算!$O$5 | CH191: =計算!$P$5
E193: ふ り が な | L193: =計算!$C$5
BW195: =計算!$Q$5 | CH195: =計算!$R$5
E197: 名 前 | L197: =計算!$B$5
AX198: （30×40mm）
BW199: =計算!$S$5 | CH199: =計算!$T$5
E203: 生年月日 | L203: 昭和 ・ 平成 | V203: =計算!$D$5 | X203: 年 | Z203: =計算!$E$5 | AC203: 月 | AE203: =計算!$F$5 | AH203: 日 生 （満 | AP203: =計算!$G$5 | AR203: 歳） | BW203: =計算!$U$5 | CH203: =計算!$V$5
E207: ふ り が な | L207: =計算!$J$5 | BW207: =計算!$W$5 | CH207: =計算!$X$5
E210: 現住所 | L210: 〒 | P210: =計算!$H$5
BP212: 校内外の諸活動 | BW212: =計算!$Y$5
L213: =計算!$I$5
E216: ふ り が な | L216: =計算!$M$5
E219: 連絡先 | L219: 〒 | P219: =計算!$K$5
L222: =計算!$L$5
R225: （連絡先欄は現住所以外に連絡を希望する場合のみ記入すること）
BW229: =計算!$Z$5
E235: 在籍校 | AW235: 卒業見込
Y236: =計算!$N$5
P237: =設定!$B$6 | U237: =設定!$B$7
L238: 令和 | S238: 年 | W238: 月
AW239: 卒業
E246: 職 歴 | L246: 平成 | Y246: =計算!$AD$5
P248: =計算!$AB$5 | S248: 年 | U248: =計算!$AC$5 | W248: 月
...

Sheet 資格集約
A1: 資格集約（自動計算・さわらないでください）
A2: 生徒No | B2: 枠 | C2: 取得年月 | D2: 入力した名称 | E2: 正式名称 | F2: 並び順キー | G2: 順位 | H2: 表示（年月）
A3: 1 | B3: 1 | C3: =IFERROR(IF(ISNUMBER(入力!O5),入力!O5,DATEVALUE(入力!O5)),"") | D3: =IF(入力!N5="","",入力!N5) | E3: =IF(D3="","",IFERROR(INDEX(資格マスタ!$B:$B,MATCH(ASC(SUBSTITUTE(SUBSTITUTE(D3," ","")," ","")),資格マスタ!$D:$D,0)),D3)) | F3: =IF(E3="","",IF(C3="",DATE(9999,1,1),C3)) | G3: =IF(E3="","",COUNTIFS($F$3:$F$14,"<"&F3,$F$3:$F$14,"<>")+COUNTIFS($F$3:$F$14,F3,$B$3:$B$14,"<"&B3)+1) | H3: =IF(OR(E3="",C3=""),"",IF(C3>=DATE(2019,5,1),"令和"&(YEAR(C3)-2018),IF(C3>=DATE(1989,1,8),"平成"&(YEAR(C3)-1988),"昭和"&(YEAR(C3)-1925)))&"年"&MONTH(C3)&"月")
A4: 1 | B4: 2 | C4: =IFERROR(IF(ISNUMBER(入力!Q5),入力!Q5,DATEVALUE(入力!Q5)),"") | D4: =IF(入力!P5="","",入力!P5) | E4: =IF(D4="","",IFERROR(INDEX(資格マスタ!$B:$B,MATCH(ASC(SUBSTITUTE(SUBSTITUTE(D4," ","")," ","")),資格マスタ!$D:$D,0)),D4)) | F4: =IF(E4="","",IF(C4="",DATE(9999,1,1),C4)) | G4: =IF(E4="","",COUNTIFS($F$3:$F$14,"<"&F4,$F$3:$F$14,"<>")+COUNTIFS($F$3:$F$14,F4,$B$3:$B$14,"<"&B4)+1) | H4: =IF(OR(E4="",C4=""),"",IF(C4>=DATE(2019,5,1),"令和"&(YEAR(C4)-2018),IF(C4>=DATE(1989,1,8),"平成"&(YEAR(C4)-1988),"昭和"&(YEAR(C4)-1925)))&"年"&MONTH(C4)&"月")
A5: 1 | B5: 3 | C5: =IFERROR(IF(ISNUMBER(入力!S5),入力!S5,DATEVALUE(入力!S5)),"") | D5: =IF(入力!R5="","",入力!R5) | E5: =IF(D5="","",IFERROR(INDEX(資格マスタ!$B:$B,MATCH(ASC(SUBSTITUTE(SUBSTITUTE(D5," ","")," ","")),資格マスタ!$D:$D,0)),D5)) | F5: =IF(E5="","",IF(C5="",DATE(9999,1,1),C5)) | G5: =IF(E5="","",COUNTIFS($F$3:$F$14,"<"&F5,$F$3:$F$14,"<>")+COUNTIFS($F$3:$F$14,F5,$B$3:$B$14,"<"&B5)+1) | H5: =IF(OR(E5="",C5=""),"",IF(C5>=DATE(2019,5,1),"令和"&(YEAR(C5)-2018),IF(C5>=DATE(1989,1,8),"平成"&(YEAR(C5)-1988),"昭和"&(YEAR(C5)-1925)))&"年"&MONTH(C5)&"月")
A6: 1 | B6: 4 | C6: =IFERROR(IF(ISNUMBER(入力!U5),入力!U5,DATEVALUE(入力!U5)),"") | D6: =IF(入力!T5="","",入力!T5) | E6: =IF(D6="","",IFERROR(INDEX(資格マスタ!$B:$B,MATCH(ASC(SUBSTITUTE(SUBSTITUTE(D6," ","")," ","")),資格マスタ!$D:$D,0)),D6)) | F6: =IF(E6="","",IF(C6="",DATE(9999,1,1),C6)) | G6: =IF(E6="","",COUNTIFS($F$3:$F$14,"<"&F6,$F$3:$F$14,"<>")+COUNTIFS($F$3:$F$14,F6,$B$3:$B$14,"<"&B6)+1) | H6: =IF(OR(E6="",C6=""),"",IF(C6>=DATE(2019,5,1),"令和"&(YEAR(C6)-2018),IF(C6>=DATE(1989,1,8),"平成"&(YEAR(C6)-1988),"昭和"&(YEAR(C6)-1925)))&"年"&MONTH(C6)&"月")
A7: 1 | B7: 5 | C7: =IFERROR(IF(ISNUMBER(入力!W5),入力!W5,DATEVALUE(入力!W5)),"") | D7: =IF(入力!V5="","",入力!V5) | E7: =IF(D7="","",IFERROR(INDEX(資格マスタ!$B:$B,MATCH(ASC(SUBSTITUTE(SUBSTITUTE(D7," ","")," ","")),資格マスタ!$D:$D,0)),D7)) | F7: =IF(E7="","",IF(C7="",DATE(9999,1,1),C7)) | G7: =IF(E7="","",COUNTIFS($F$3:$F$14,"<"&F7,$F$3:$F$14,"<>")+COUNTIFS($F$3:$F$14,F7,$B$3:$B$14,"<"&B7)+1) | H7: =IF(OR(E7="",C7=""),"",IF(C7>=DATE(2019,5,1),"令和"&(YEAR(C7)-2018),IF(C7>=DATE(1989,1,8),"平成"&(YEAR(C7)-1988),"昭和"&(YEAR(C7)-1925)))&"年"&MONTH(C7)&"月")
A8: 1 | B8: 6 | C8: =IFERROR(IF(ISNUMBER(入力!Y5),入力!Y5,DATEVALUE(入力!Y5)),"") | D8: =IF(入力!X5="","",入力!X5) | E8: =IF(D8="","",IFERROR(INDEX(資格マスタ!$B:$B,MATCH(ASC(SUBSTITUTE(SUBSTITUTE(D8," ","")," ","")),資格マスタ!$D:$D,0)),D8)) | F8: =IF(E8="","",IF(C8="",DATE(9999,1,1),C8)) | G8: =IF(E8="","",COUNTIFS($F$3:$F$14,"<"&F8,$F$3:$F$14,"<>")+COUNTIFS($F$3:$F$14,F8,$B$3:$B$14,"<"&B8)+1) | H8: =IF(OR(E8="",C8=""),"",IF(C8>=DATE(2019,5,1),"令和"&(YEAR(C8)-2018),IF(C8>=DATE(1989,1,8),"平成"&(YEAR(C8)-1988),"昭和"&(YEAR(C8)-1925)))&"年"&MONTH(C8)&"月")
A9: 1 | B9: 7 | C9: =IFERROR(INDEX(資格取込!$S$6:$S$205,MATCH(1&"_"&1,資格取込!$Z$6:$Z$205,0)),"") | D9: =IFERROR(INDEX(資格取込!$R$6:$R$205,MATCH(1&"_"&1,資格取込!$Z$6:$Z$205,0)),"") | E9: =IF(D9="","",IFERROR(INDEX(資格マスタ!$B:$B,MATCH(ASC(SUBSTITUTE(SUBSTITUTE(D9," ","")," ","")),資格マスタ!$D:$D,0)),D9)) | F9: =IF(E9="","",IF(C9="",DATE(9999,1,1),C9)) | G9: =IF(E9="","",COUNTIFS($F$3:$F$14,"<"&F9,$F$3:$F$14,"<>")+COUNTIFS($F$3:$F$14,F9,$B$3:$B$14,"<"&B9)+1) | H9: =IF(OR(E9="",C9=""),"",IF(C9>=DATE(2019,5,1),"令和"&(YEAR(C9)-2018),IF(C9>=DATE(1989,1,8),"平成"&(YEAR(C9)-1988),"昭和"&(YEAR(C9)-1925)))&"年"&MONTH(C9)&"月")
A10: 1 | B10: 8 | C10: =IFERROR(INDEX(資格取込!$S$6:$S$205,MATCH(1&"_"&2,資格取込!$Z$6:$Z$205,0)),"") | D10: =IFERROR(INDEX(資格取込!$R$6:$R$205,MATCH(1&"_"&2,資格取込!$Z$6:$Z$205,0)),"") | E10: =IF(D10="","",IFERROR(INDEX(資格マスタ!$B:$B,MATCH(ASC(SUBSTITUTE(SUBSTITUTE(D10," ","")," ","")),資格マスタ!$D:$D,0)),D10)) | F10: =IF(E10="","",IF(C10="",DATE(9999,1,1),C10)) | G10: =IF(E10="","",COUNTIFS($F$3:$F$14,"<"&F10,$F$3:$F$14,"<>")+COUNTIFS($F$3:$F$14,F10,$B$3:$B$14,"<"&B10)+1) | H10: =IF(OR(E10="",C10=""),"",IF(C10>=DATE(2019,5,1),"令和"&(YEAR(C10)-2018),IF(C10>=DATE(1989,1,8),"平成"&(YEAR(C10)-1988),"昭和"&(YEAR(C10)-1925)))&"年"&MONTH(C10)&"月")
A11: 1 | B11: 9 | C11: =IFERROR(INDEX(資格取込!$S$6:$S$205,MATCH(1&"_"&3,資格取込!$Z$6:$Z$205,0)),"") | D11: =IFERROR(INDEX(資格取込!$R$6:$R$205,MATCH(1&"_"&3,資格取込!$Z$6:$Z$205,0)),"") | E11: =IF(D11="","",IFERROR(INDEX(資格マスタ!$B:$B,MATCH(ASC(SUBSTITUTE(SUBSTITUTE(D11," ","")," ","")),資格マスタ!$D:$D,0)),D11)) | F11: =IF(E11="","",IF(C11="",DATE(9999,1,1),C11)) | G11: =IF(E11="","",COUNTIFS($F$3:$F$14,"<"&F11,$F$3:$F$14,"<>")+COUNTIFS($F$3:$F$14,F11,$B$3:$B$14,"<"&B11)+1) | H11: =IF(OR(E11="",C11=""),"",IF(C11>=DATE(2019,5,1),"令和"&(YEAR(C11)-2018),IF(C11>=DATE(1989,1,8),"平成"&(YEAR(C11)-1988),"昭和"&(YEAR(C11)-1925)))&"年"&MONTH(C11)&"月")
A12: 1 | B12: 10 | C12: =IFERROR(INDEX(資格取込!$S$6:$S$205,MATCH(1&"_"&4,資格取込!$Z$6:$Z$205,0)),"") | D12: =IFERROR(INDEX(資格取込!$R$6:$R$205,MATCH(1&"_"&4,資格取込!$Z$6:$Z$205,0)),"") | E12: =IF(D12="","",IFERROR(INDEX(資格マスタ!$B:$B,MATCH(ASC(SUBSTITUTE(SUBSTITUTE(D12," ","")," ","")),資格マスタ!$D:$D,0)),D12)) | F12: =IF(E12="","",IF(C12="",DATE(9999,1,1),C12)) | G12: =IF(E12="","",COUNTIFS($F$3:$F$14,"<"&F12,$F$3:$F$14,"<>")+COUNTIFS($F$3:$F$14,F12,$B$3:$B$14,"<"&B12)+1) | H12: =IF(OR(E12="",C12=""),"",IF(C12>=DATE(2019,5,1),"令和"&(YEAR(C12)-2018),IF(C12>=DATE(1989,1,8),"平成"&(YEAR(C12)-1988),"昭和"&(YEAR(C12)-1925)))&"年"&MONTH(C12)&"月")
A13: 1 | B13: 11 | C13: =IFERROR(INDEX(資格取込!$S$6:$S$205,MATCH(1&"_"&5,資格取込!$Z$6:$Z$205,0)),"") | D13: =IFERROR(INDEX(資格取込!$R$6:$R$205,MATCH(1&"_"&5,資格取込!$Z$6:$Z$205,0)),"") | E13: =IF(D13="","",IFERROR(INDEX(資格マスタ!$B:$B,MATCH(ASC(SUBSTITUTE(SUBSTITUTE(D13," ","")," ","")),資格マスタ!$D:$D,0)),D13)) | F13: =IF(E13="","",IF(C13="",DATE(9999,1,1),C13)) | G13: =IF(E13="","",COUNTIFS($F$3:$F$14,"<"&F13,$F$3:$F$14,"<>")+COUNTIFS($F$3:$F$14,F13,$B$3:$B$14,"<"&B13)+1) | H13: =IF(OR(E13="",C13=""),"",IF(C13>=DATE(2019,5,1),"令和"&(YEAR(C13)-2018),IF(C13>=DATE(1989,1,8),"平成"&(YEAR(C13)-1988),"昭和"&(YEAR(C13)-1925)))&"年"&MONTH(C13)&"月")
A14: 1 | B14: 12 | C14: =IFERROR(INDEX(資格取込!$S$6:$S$205,MATCH(1&"_"&6,資格取込!$Z$6:$Z$205,0)),"") | D14: =IFERROR(INDEX(資格取込!$R$6:$R$205,MATCH(1&"_"&6,資格取込!$Z$6:$Z$205,0)),"") | E14: =IF(D14="","",IFERROR(INDEX(資格マスタ!$B:$B,MATCH(ASC(SUBSTITUTE(SUBSTITUTE(D14," ","")," ","")),資格マスタ!$D:$D,0)),D14)) | F14: =IF(E14="","",IF(C14="",DATE(9999,1,1),C14)) | G14: =IF(E14="","",COUNTIFS($F$3:$F$14,"<"&F14,$F$3:$F$14,"<>")+COUNTIFS($F$3:$F$14,F14,$B$3:$B$14,"<"&B14)+1) | H14: =IF(OR(E14="",C14=""),"",IF(C14>=DATE(2019,5,1),"令和"&(YEAR(C14)-2018),IF(C14>=DATE(1989,1,8),"平成"&(YEAR(C14)-1988),"昭和"&(YEAR(C14)-1925)))&"年"&MONTH(C14)&"月")
A15: 2 | B15: 1 | C15: =IFERROR(IF(ISNUMBER(入力!O6),入力!O6,DATEVALUE(入力!O6)),"") | D15: =IF(入力!N6="","",入力!N6) | E15: =IF(D15="","",IFERROR(INDEX(資格マスタ!$B:$B,MATCH(ASC(SUBSTITUTE(SUBSTITUTE(D15," ","")," ","")),資格マスタ!$D:$D,0)),D15)) | F15: =IF(E15="","",IF(C15="",DATE(9999,1,1),C15)) | G15: =IF(E15="","",COUNTIFS($F$15:$F$26,"<"&F15,$F$15:$F$26,"<>")+COUNTIFS($F$15:$F$26,F15,$B$15:$B$26,"<"&B15)+1) | H15: =IF(OR(E15="",C15=""),"",IF(C15>=DATE(2019,5,1),"令和"&(YEAR(C15)-2018),IF(C15>=DATE(1989,1,8),"平成"&(YEAR(C15)-1988),"昭和"&(YEAR(C15)-1925)))&"年"&MONTH(C15)&"月")
A16: 2 | B16: 2 | C16: =IFERROR(IF(ISNUMBER(入力!Q6),入力!Q6,DATEVALUE(入力!Q6)),"") | D16: =IF(入力!P6="","",入力!P6) | E16: =IF(D16="","",IFERROR(INDEX(資格マスタ!$B:$B,MATCH(ASC(SUBSTITUTE(SUBSTITUTE(D16," ","")," ","")),資格マスタ!$D:$D,0)),D16)) | F16: =IF(E16="","",IF(C16="",DATE(9999,1,1),C16)) | G16: =IF(E16="","",COUNTIFS($F$15:$F$26,"<"&F16,$F$15:$F$26,"<>")+COUNTIFS($F$15:$F$26,F16,$B$15:$B$26,"<"&B16)+1) | H16: =IF(OR(E16="",C16=""),"",IF(C16>=DATE(2019,5,1),"令和"&(YEAR(C16)-2018),IF(C16>=DATE(1989,1,8),"平成"&(YEAR(C16)-1988),"昭和"&(YEAR(C16)-1925)))&"年"&MONTH(C16)&"月")
A17: 2 | B17: 3 | C17: =IFERROR(IF(ISNUMBER(入力!S6),入力!S6,DATEVALUE(入力!S6)),"") | D17: =IF(入力!R6="","",入力!R6) | E17: =IF(D17="","",IFERROR(INDEX(資格マスタ!$B:$B,MATCH(ASC(SUBSTITUTE(SUBSTITUTE(D17," ","")," ","")),資格マスタ!$D:$D,0)),D17)) | F17: =IF(E17="","",IF(C17="",DATE(9999,1,1),C17)) | G17: =IF(E17="","",COUNTIFS($F$15:$F$26,"<"&F17,$F$15:$F$26,"<>")+COUNTIFS($F$15:$F$26,F17,$B$15:$B$26,"<"&B17)+1) | H17: =IF(OR(E17="",C17=""),"",IF(C17>=DATE(2019,5,1),"令和"&(YEAR(C17)-2018),IF(C17>=DATE(1989,1,8),"平成"&(YEAR(C17)-1988),"昭和"&(YEAR(C17)-1925)))&"年"&MONTH(C17)&"月")
A18: 2 | B18: 4 | C18: =IFERROR(IF(ISNUMBER(入力!U6),入力!U6,DATEVALUE(入力!U6)),"") | D18: =IF(入力!T6="","",入力!T6) | E18: =IF(D18="","",IFERROR(INDEX(資格マスタ!$B:$B,MATCH(ASC(SUBSTITUTE(SUBSTITUTE(D18," ","")," ","")),資格マスタ!$D:$D,0)),D18)) | F18: =IF(E18="","",IF(C18="",DATE(9999,1,1),C18)) | G18: =IF(E18="","",COUNTIFS($F$15:$F$26,"<"&F18,$F$15:$F$26,"<>")+COUNTIFS($F$15:$F$26,F18,$B$15:$B$26,"<"&B18)+1) | H18: =IF(OR(E18="",C18=""),"",IF(C18>=DATE(2019,5,1),"令和"&(YEAR(C18)-2018),IF(C18>=DATE(1989,1,8),"平成"&(YEAR(C18)-1988),"昭和"&(YEAR(C18)-1925)))&"年"&MONTH(C18)&"月")
A19: 2 | B19: 5 | C19: =IFERROR(IF(ISNUMBER(入力!W6),入力!W6,DATEVALUE(入力!W6)),"") | D19: =IF(入力!V6="","",入力!V6) | E19: =IF(D19="","",IFERROR(INDEX(資格マスタ!$B:$B,MATCH(ASC(SUBSTITUTE(SUBSTITUTE(D19," ","")," ","")),資格マスタ!$D:$D,0)),D19)) | F19: =IF(E19="","",IF(C19="",DATE(9999,1,1),C19)) | G19: =IF(E19="","",COUNTIFS($F$15:$F$26,"<"&F19,$F$15:$F$26,"<>")+COUNTIFS($F$15:$F$26,F19,$B$15:$B$26,"<"&B19)+1) | H19: =IF(OR(E19="",C19=""),"",IF(C19>=DATE(2019,5,1),"令和"&(YEAR(C19)-2018),IF(C19>=DATE(1989,1,8),"平成"&(YEAR(C19)-1988),"昭和"&(YEAR(C19)-1925)))&"年"&MONTH(C19)&"月")
A20: 2 | B20: 6 | C20: =IFERROR(IF(ISNUMBER(入力!Y6),入力!Y6,DATEVALUE(入力!Y6)),"") | D20: =IF(入力!X6="","",入力!X6) | E20: =IF(D20="","",IFERROR(INDEX(資格マスタ!$B:$B,MATCH(ASC(SUBSTITUTE(SUBSTITUTE(D20," ","")," ","")),資格マスタ!$D:$D,0)),D20)) | F20: =IF(E20="","",IF(C20="",DATE(9999,1,1),C20)) | G20: =IF(E20="","",COUNTIFS($F$15:$F$26,"<"&F20,$F$15:$F$26,"<>")+COUNTIFS($F$15:$F$26,F20,$B$15:$B$26,"<"&B20)+1) | H20: =IF(OR(E20="",C20=""),"",IF(C20>=DATE(2019,5,1),"令和"&(YEAR(C20)-2018),IF(C20>=DATE(1989,1,8),"平成"&(YEAR(C20)-1988),"昭和"&(YEAR(C20)-1925)))&"年"&MONTH(C20)&"月")
A21: 2 | B21: 7 | C21: =IFERROR(INDEX(資格取込!$S$6:$S$205,MATCH(2&"_"&1,資格取込!$Z$6:$Z$205,0)),"") | D21: =IFERROR(INDEX(資格取込!$R$6:$R$205,MATCH(2&"_"&1,資格取込!$Z$6:$Z$205,0)),"") | E21: =IF(D21="","",IFERROR(INDEX(資格マスタ!$B:$B,MATCH(ASC(SUBSTITUTE(SUBSTITUTE(D21," ","")," ","")),資格マスタ!$D:$D,0)),D21)) | F21: =IF(E21="","",IF(C21="",DATE(9999,1,1),C21)) | G21: =IF(E21="","",COUNTIFS($F$15:$F$26,"<"&F21,$F$15:$F$26,"<>")+COUNTIFS($F$15:$F$26,F21,$B$15:$B$26,"<"&B21)+1) | H21: =IF(OR(E21="",C21=""),"",IF(C21>=DATE(2019,5,1),"令和"&(YEAR(C21)-2018),IF(C21>=DATE(1989,1,8),"平成"&(YEAR(C21)-1988),"昭和"&(YEAR(C21)-1925)))&"年"&MONTH(C21)&"月")
A22: 2 | B22: 8 | C22: =IFERROR(INDEX(資格取込!$S$6:$S$205,MATCH(2&"_"&2,資格取込!$Z$6:$Z$205,0)),"") | D22: =IFERROR(INDEX(資格取込!$R$6:$R$205,MATCH(2&"_"&2,資格取込!$Z$6:$Z$205,0)),"") | E22: =IF(D22="","",IFERROR(INDEX(資格マスタ!$B:$B,MATCH(ASC(SUBSTITUTE(SUBSTITUTE(D22," ","")," ","")),資格マスタ!$D:$D,0)),D22)) | F22: =IF(E22="","",IF(C22="",DATE(9999,1,1),C22)) | G22: =IF(E22="","",COUNTIFS($F$15:$F$26,"<"&F22,$F$15:$F$26,"<>")+COUNTIFS($F$15:$F$26,F22,$B$15:$B$26,"<"&B22)+1) | H22: =IF(OR(E22="",C22=""),"",IF(C22>=DATE(2019,5,1),"令和"&(YEAR(C22)-2018),IF(C22>=DATE(1989,1,8),"平成"&(YEAR(C22)-1988),"昭和"&(YEAR(C22)-1925)))&"年"&MONTH(C22)&"月")
A23: 2 | B23: 9 | C23: =IFERROR(INDEX(資格取込!$S$6:$S$205,MATCH(2&"_"&3,資格取込!$Z$6:$Z$205,0)),"") | D23: =IFERROR(INDEX(資格取込!$R$6:$R$205,MATCH(2&"_"&3,資格取込!$Z$6:$Z$205,0)),"") | E23: =IF(D23="","",IFERROR(INDEX(資格マスタ!$B:$B,MATCH(ASC(SUBSTITUTE(SUBSTITUTE(D23," ","")," ","")),資格マスタ!$D:$D,0)),D23)) | F23: =IF(E23="","",IF(C23="",DATE(9999,1,1),C23)) | G23: =IF(E23="","",COUNTIFS($F$15:$F$26,"<"&F23,$F$15:$F$26,"<>")+COUNTIFS($F$15:$F$26,F23,$B$15:$B$26,"<"&B23)+1) | H23: =IF(OR(E23="",C23=""),"",IF(C23>=DATE(2019,5,1),"令和"&(YEAR(C23)-2018),IF(C23>=DATE(1989,1,8),"平成"&(YEAR(C23)-1988),"昭和"&(YEAR(C23)-1925)))&"年"&MONTH(C23)&"月")
A24: 2 | B24: 10 | C24: =IFERROR(INDEX(資格取込!$S$6:$S$205,MATCH(2&"_"&4,資格取込!$Z$6:$Z$205,0)),"") | D24: =IFERROR(INDEX(資格取込!$R$6:$R$205,MATCH(2&"_"&4,資格取込!$Z$6:$Z$205,0)),"") | E24: =IF(D24="","",IFERROR(INDEX(資格マスタ!$B:$B,MATCH(ASC(SUBSTITUTE(SUBSTITUTE(D24," ","")," ","")),資格マスタ!$D:$D,0)),D24)) | F24: =IF(E24="","",IF(C24="",DATE(9999,1,1),C24)) | G24: =IF(E24="","",COUNTIFS($F$15:$F$26,"<"&F24,$F$15:$F$26,"<>")+COUNTIFS($F$15:$F$26,F24,$B$15:$B$26,"<"&B24)+1) | H24: =IF(OR(E24="",C24=""),"",IF(C24>=DATE(2019,5,1),"令和"&(YEAR(C24)-2018),IF(C24>=DATE(1989,1,8),"平成"&(YEAR(C24)-1988),"昭和"&(YEAR(C24)-1925)))&"年"&MONTH(C24)&"月")
A25: 2 | B25: 11 | C25: =IFERROR(INDEX(資格取込!$S$6:$S$205,MATCH(2&"_"&5,資格取込!$Z$6:$Z$205,0)),"") | D25: =IFERROR(INDEX(資格取込!$R$6:$R$205,MATCH(2&"_"&5,資格取込!$Z$6:$Z$205,0)),"") | E25: =IF(D25="","",IFERROR(INDEX(資格マスタ!$B:$B,MATCH(ASC(SUBSTITUTE(SUBSTITUTE(D25," ","")," ","")),資格マスタ!$D:$D,0)),D25)) | F25: =IF(E25="","",IF(C25="",DATE(9999,1,1),C25)) | G25: =IF(E25="","",COUNTIFS($F$15:$F$26,"<"&F25,$F$15:$F$26,"<>")+COUNTIFS($F$15:$F$26,F25,$B$15:$B$26,"<"&B25)+1) | H25: =IF(OR(E25="",C25=""),"",IF(C25>=DATE(2019,5,1),"令和"&(YEAR(C25)-2018),IF(C25>=DATE(1989,1,8),"平成"&(YEAR(C25)-1988),"昭和"&(YEAR(C25)-1925)))&"年"&MONTH(C25)&"月")
A26: 2 | B26: 12 | C26: =IFERROR(INDEX(資格取込!$S$6:$S$205,MATCH(2&"_"&6,資格取込!$Z$6:$Z$205,0)),"") | D26: =IFERROR(INDEX(資格取込!$R$6:$R$205,MATCH(2&"_"&6,資格取込!$Z$6:$Z$205,0)),"") | E26: =IF(D26="","",IFERROR(INDEX(資格マスタ!$B:$B,MATCH(ASC(SUBSTITUTE(SUBSTITUTE(D26," ","")," ","")),資格マスタ!$D:$D,0)),D26)) | F26: =IF(E26="","",IF(C26="",DATE(9999,1,1),C26)) | G26: =IF(E26="","",COUNTIFS($F$15:$F$26,"<"&F26,$F$15:$F$26,"<>")+COUNTIFS($F$15:$F$26,F26,$B$15:$B$26,"<"&B26)+1) | H26: =IF(OR(E26="",C26=""),"",IF(C26>=DATE(2019,5,1),"令和"&(YEAR(C26)-2018),IF(C26>=DATE(1989,1,8),"平成"&(YEAR(C26)-1988),"昭和"&(YEAR(C26)-1925)))&"年"&MONTH(C26)&"月")
A27: 3 | B27: 1 | C27: =IFERROR(IF(ISNUMBER(入力!O7),入力!O7,DATEVALUE(入力!O7)),"") | D27: =IF(入力!N7="","",入力!N7) | E27: =IF(D27="","",IFERROR(INDEX(資格マスタ!$B:$B,MATCH(ASC(SUBSTITUTE(SUBSTITUTE(D27," ","")," ","")),資格マスタ!$D:$D,0)),D27)) | F27: =IF(E27="","",IF(C27="",DATE(9999,1,1),C27)) | G27: =IF(E27="","",COUNTIFS($F$27:$F$38,"<"&F27,$F$27:$F$38,"<>")+COUNTIFS($F$27:$F$38,F27,$B$27:$B$38,"<"&B27)+1) | H27: =IF(OR(E27="",C27=""),"",IF(C27>=DATE(2019,5,1),"令和"&(YEAR(C27)-2018),IF(C27>=DATE(1989,1,8),"平成"&(YEAR(C27)-1988),"昭和"&(YEAR(C27)-1925)))&"年"&MONTH(C27)&"月")
A28: 3 | B28: 2 | C28: =IFERROR(IF(ISNUMBER(入力!Q7),入力!Q7,DATEVALUE(入力!Q7)),"") | D28: =IF(入力!P7="","",入力!P7) | E28: =IF(D28="","",IFERROR(INDEX(資格マスタ!$B:$B,MATCH(ASC(SUBSTITUTE(SUBSTITUTE(D28," ","")," ","")),資格マスタ!$D:$D,0)),D28)) | F28: =IF(E28="","",IF(C28="",DATE(9999,1,1),C28)) | G28: =IF(E28="","",COUNTIFS($F$27:$F$38,"<"&F28,$F$27:$F$38,"<>")+COUNTIFS($F$27:$F$38,F28,$B$27:$B$38,"<"&B28)+1) | H28: =IF(OR(E28="",C28=""),"",IF(C28>=DATE(2019,5,1),"令和"&(YEAR(C28)-2018),IF(C28>=DATE(1989,1,8),"平成"&(YEAR(C28)-1988),"昭和"&(YEAR(C28)-1925)))&"年"&MONTH(C28)&"月")
A29: 3 | B29: 3 | C29: =IFERROR(IF(ISNUMBER(入力!S7),入力!S7,DATEVALUE(入力!S7)),"") | D29: =IF(入力!R7="","",入力!R7) | E29: =IF(D29="","",IFERROR(INDEX(資格マスタ!$B:$B,MATCH(ASC(SUBSTITUTE(SUBSTITUTE(D29," ","")," ","")),資格マスタ!$D:$D,0)),D29)) | F29: =IF(E29="","",IF(C29="",DATE(9999,1,1),C29)) | G29: =IF(E29="","",COUNTIFS($F$27:$F$38,"<"&F29,$F$27:$F$38,"<>")+COUNTIFS($F$27:$F$38,F29,$B$27:$B$38,"<"&B29)+1) | H29: =IF(OR(E29="",C29=""),"",IF(C29>=DATE(2019,5,1),"令和"&(YEAR(C29)-2018),IF(C29>=DATE(1989,1,8),"平成"&(YEAR(C29)-1988),"昭和"&(YEAR(C29)-1925)))&"年"&MONTH(C29)&"月")
A30: 3 | B30: 4 | C30: =IFERROR(IF(ISNUMBER(入力!U7),入力!U7,DATEVALUE(入力!U7)),"") | D30: =IF(入力!T7="","",入力!T7) | E30: =IF(D30="","",IFERROR(INDEX(資格マスタ!$B:$B,MATCH(ASC(SUBSTITUTE(SUBSTITUTE(D30," ","")," ","")),資格マスタ!$D:$D,0)),D30)) | F30: =IF(E30="","",IF(C30="",DATE(9999,1,1),C30)) | G30: =IF(E30="","",COUNTIFS($F$27:$F$38,"<"&F30,$F$27:$F$38,"<>")+COUNTIFS($F$27:$F$38,F30,$B$27:$B$38,"<"&B30)+1) | H30: =IF(OR(E30="",C30=""),"",IF(C30>=DATE(2019,5,1),"令和"&(YEAR(C30)-2018),IF(C30>=DATE(1989,1,8),"平成"&(YEAR(C30)-1988),"昭和"&(YEAR(C30)-1925)))&"年"&MONTH(C30)&"月")
A31: 3 | B31: 5 | C31: =IFERROR(IF(ISNUMBER(入力!W7),入力!W7,DATEVALUE(入力!W7)),"") | D31: =IF(入力!V7="","",入力!V7) | E31: =IF(D31="","",IFERROR(INDEX(資格マスタ!$B:$B,MATCH(ASC(SUBSTITUTE(SUBSTITUTE(D31," ","")," ","")),資格マスタ!$D:$D,0)),D31)) | F31: =IF(E31="","",IF(C31="",DATE(9999,1,1),C31)) | G31: =IF(E31="","",COUNTIFS($F$27:$F$38,"<"&F31,$F$27:$F$38,"<>")+COUNTIFS($F$27:$F$38,F31,$B$27:$B$38,"<"&B31)+1) | H31: =IF(OR(E31="",C31=""),"",IF(C31>=DATE(2019,5,1),"令和"&(YEAR(C31)-2018),IF(C31>=DATE(1989,1,8),"平成"&(YEAR(C31)-1988),"昭和"&(YEAR(C31)-1925)))&"年"&MONTH(C31)&"月")
A32: 3 | B32: 6 | C32: =IFERROR(IF(ISNUMBER(入力!Y7),入力!Y7,DATEVALUE(入力!Y7)),"") | D32: =IF(入力!X7="","",入力!X7) | E32: =IF(D32="","",IFERROR(INDEX(資格マスタ!$B:$B,MATCH(ASC(SUBSTITUTE(SUBSTITUTE(D32," ","")," ","")),資格マスタ!$D:$D,0)),D32)) | F32: =IF(E32="","",IF(C32="",DATE(9999,1,1),C32)) | G32: =IF(E32="","",COUNTIFS($F$27:$F$38,"<"&F32,$F$27:$F$38,"<>")+COUNTIFS($F$27:$F$38,F32,$B$27:$B$38,"<"&B32)+1) | H32: =IF(OR(E32="",C32=""),"",IF(C32>=DATE(2019,5,1),"令和"&(YEAR(C32)-2018),IF(C32>=DATE(1989,1,8),"平成"&(YEAR(C32)-1988),"昭和"&(YEAR(C32)-1925)))&"年"&MONTH(C32)&"月")
A33: 3 | B33: 7 | C33: =IFERROR(INDEX(資格取込!$S$6:$S$205,MATCH(3&"_"&1,資格取込!$Z$6:$Z$205,0)),"") | D33: =IFERROR(INDEX(資格取込!$R$6:$R$205,MATCH(3&"_"&1,資格取込!$Z$6:$Z$205,0)),"") | E33: =IF(D33="","",IFERROR(INDEX(資格マスタ!$B:$B,MATCH(ASC(SUBSTITUTE(SUBSTITUTE(D33," ","")," ","")),資格マスタ!$D:$D,0)),D33)) | F33: =IF(E33="","",IF(C33="",DATE(9999,1,1),C33)) | G33: =IF(E33="","",COUNTIFS($F$27:$F$38,"<"&F33,$F$27:$F$38,"<>")+COUNTIFS($F$27:$F$38,F33,$B$27:$B$38,"<"&B33)+1) | H33: =IF(OR(E33="",C33=""),"",IF(C33>=DATE(2019,5,1),"令和"&(YEAR(C33)-2018),IF(C33>=DATE(1989,1,8),"平成"&(YEAR(C33)-1988),"昭和"&(YEAR(C33)-1925)))&"年"&MONTH(C33)&"月")
A34: 3 | B34: 8 | C34: =IFERROR(INDEX(資格取込!$S$6:$S$205,MATCH(3&"_"&2,資格取込!$Z$6:$Z$205,0)),"") | D34: =IFERROR(INDEX(資格取込!$R$6:$R$205,MATCH(3&"_"&2,資格取込!$Z$6:$Z$205,0)),"") | E34: =IF(D34="","",IFERROR(INDEX(資格マスタ!$B:$B,MATCH(ASC(SUBSTITUTE(SUBSTITUTE(D34," ","")," ","")),資格マスタ!$D:$D,0)),D34)) | F34: =IF(E34="","",IF(C34="",DATE(9999,1,1),C34)) | G34: =IF(E34="","",COUNTIFS($F$27:$F$38,"<"&F34,$F$27:$F$38,"<>")+COUNTIFS($F$27:$F$38,F34,$B$27:$B$38,"<"&B34)+1) | H34: =IF(OR(E34="",C34=""),"",IF(C34>=DATE(2019,5,1),"令和"&(YEAR(C34)-2018),IF(C34>=DATE(1989,1,8),"平成"&(YEAR(C34)-1988),"昭和"&(YEAR(C34)-1925)))&"年"&MONTH(C34)&"月")
A35: 3 | B35: 9 | C35: =IFERROR(INDEX(資格取込!$S$6:$S$205,MATCH(3&"_"&3,資格取込!$Z$6:$Z$205,0)),"") | D35: =IFERROR(INDEX(資格取込!$R$6:$R$205,MATCH(3&"_"&3,資格取込!$Z$6:$Z$205,0)),"") | E35: =IF(D35="","",IFERROR(INDEX(資格マスタ!$B:$B,MATCH(ASC(SUBSTITUTE(SUBSTITUTE(D35," ","")," ","")),資格マスタ!$D:$D,0)),D35)) | F35: =IF(E35="","",IF(C35="",DATE(9999,1,1),C35)) | G35: =IF(E35="","",COUNTIFS($F$27:$F$38,"<"&F35,$F$27:$F$38,"<>")+COUNTIFS($F$27:$F$38,F35,$B$27:$B$38,"<"&B35)+1) | H35: =IF(OR(E35="",C35=""),"",IF(C35>=DATE(2019,5,1),"令和"&(YEAR(C35)-2018),IF(C35>=DATE(1989,1,8),"平成"&(YEAR(C35)-1988),"昭和"&(YEAR(C35)-1925)))&"年"&MONTH(C35)&"月")
A36: 3 | B36: 10 | C36: =IFERROR(INDEX(資格取込!$S$6:$S$205,MATCH(3&"_"&4,資格取込!$Z$6:$Z$205,0)),"") | D36: =IFERROR(INDEX(資格取込!$R$6:$R$205,MATCH(3&"_"&4,資格取込!$Z$6:$Z$205,0)),"") | E36: =IF(D36="","",IFERROR(INDEX(資格マスタ!$B:$B,MATCH(ASC(SUBSTITUTE(SUBSTITUTE(D36," ","")," ","")),資格マスタ!$D:$D,0)),D36)) | F36: =IF(E36="","",IF(C36="",DATE(9999,1,1),C36)) | G36: =IF(E36="","",COUNTIFS($F$27:$F$38,"<"&F36,$F$27:$F$38,"<>")+COUNTIFS($F$27:$F$38,F36,$B$27:$B$38,"<"&B36)+1) | H36: =IF(OR(E36="",C36=""),"",IF(C36>=DATE(2019,5,1),"令和"&(YEAR(C36)-2018),IF(C36>=DATE(1989,1,8),"平成"&(YEAR(C36)-1988),"昭和"&(YEAR(C36)-1925)))&"年"&MONTH(C36)&"月")
A37: 3 | B37: 11 | C37: =IFERROR(INDEX(資格取込!$S$6:$S$205,MATCH(3&"_"&5,資格取込!$Z$6:$Z$205,0)),"") | D37: =IFERROR(INDEX(資格取込!$R$6:$R$205,MATCH(3&"_"&5,資格取込!$Z$6:$Z$205,0)),"") | E37: =IF(D37="","",IFERROR(INDEX(資格マスタ!$B:$B,MATCH(ASC(SUBSTITUTE(SUBSTITUTE(D37," ","")," ","")),資格マスタ!$D:$D,0)),D37)) | F37: =IF(E37="","",IF(C37="",DATE(9999,1,1),C37)) | G37: =IF(E37="","",COUNTIFS($F$27:$F$38,"<"&F37,$F$27:$F$38,"<>")+COUNTIFS($F$27:$F$38,F37,$B$27:$B$38,"<"&B37)+1) | H37: =IF(OR(E37="",C37=""),"",IF(C37>=DATE(2019,5,1),"令和"&(YEAR(C37)-2018),IF(C37>=DATE(1989,1,8),"平成"&(YEAR(C37)-1988),"昭和"&(YEAR(C37)-1925)))&"年"&MONTH(C37)&"月")
A38: 3 | B38: 12 | C38: =IFERROR(INDEX(資格取込!$S$6:$S$205,MATCH(3&"_"&6,資格取込!$Z$6:$Z$205,0)),"") | D38: =IFERROR(INDEX(資格取込!$R$6:$R$205,MATCH(3&"_"&6,資格取込!$Z$6:$Z$205,0)),"") | E38: =IF(D38="","",IFERROR(INDEX(資格マスタ!$B:$B,MATCH(ASC(SUBSTITUTE(SUBSTITUTE(D38," ","")," ","")),資格マスタ!$D:$D,0)),D38)) | F38: =IF(E38="","",IF(C38="",DATE(9999,1,1),C38)) | G38: =IF(E38="","",COUNTIFS($F$27:$F$38,"<"&F38,$F$27:$F$38,"<>")+COUNTIFS($F$27:$F$38,F38,$B$27:$B$38,"<"&B38)+1) | H38: =IF(OR(E38="",C38=""),"",IF(C38>=DATE(2019,5,1),"令和"&(YEAR(C38)-2018),IF(C38>=DATE(1989,1,8),"平成"&(YEAR(C38)-1988),"昭和"&(YEAR(C38)-1925)))&"年"&MONTH(C38)&"月")
A39: 4 | B39: 1 | C39: =IFERROR(IF(ISNUMBER(入力!O8),入力!O8,DATEVALUE(入力!O8)),"") | D39: =IF(入力!N8="","",入力!N8) | E39: =IF(D39="","",IFERROR(INDEX(資格マスタ!$B:$B,MATCH(ASC(SUBSTITUTE(SUBSTITUTE(D39," ","")," ","")),資格マスタ!$D:$D,0)),D39)) | F39: =IF(E39="","",IF(C39="",DATE(9999,1,1),C39)) | G39: =IF(E39="","",COUNTIFS($F$39:$F$50,"<"&F39,$F$39:$F$50,"<>")+COUNTIFS($F$39:$F$50,F39,$B$39:$B$50,"<"&B39)+1) | H39: =IF(OR(E39="",C39=""),"",IF(C39>=DATE(2019,5,1),"令和"&(YEAR(C39)-2018),IF(C39>=DATE(1989,1,8),"平成"&(YEAR(C39)-1988),"昭和"&(YEAR(C39)-1925)))&"年"&MONTH(C39)&"月")
A40: 4 | B40: 2 | C40: =IFERROR(IF(ISNUMBER(入力!Q8),入力!Q8,DATEVALUE(入力!Q8)),"") | D40: =IF(入力!P8="","",入力!P8) | E40: =IF(D40="","",IFERROR(INDEX(資格マスタ!$B:$B,MATCH(ASC(SUBSTITUTE(SUBSTITUTE(D40," ","")," ","")),資格マスタ!$D:$D,0)),D40)) | F40: =IF(E40="","",IF(C40="",DATE(9999,1,1),C40)) | G40: =IF(E40="","",COUNTIFS($F$39:$F$50,"<"&F40,$F$39:$F$50,"<>")+COUNTIFS($F$39:$F$50,F40,$B$39:$B$50,"<"&B40)+1) | H40: =IF(OR(E40="",C40=""),"",IF(C40>=DATE(2019,5,1),"令和"&(YEAR(C40)-2018),IF(C40>=DATE(1989,1,8),"平成"&(YEAR(C40)-1988),"昭和"&(YEAR(C40)-1925)))&"年"&MONTH(C40)&"月")
A41: 4 | B41: 3 | C41: =IFERROR(IF(ISNUMBER(入力!S8),入力!S8,DATEVALUE(入力!S8)),"") | D41: =IF(入力!R8="","",入力!R8) | E41: =IF(D41="","",IFERROR(INDEX(資格マスタ!$B:$B,MATCH(ASC(SUBSTITUTE(SUBSTITUTE(D41," ","")," ","")),資格マスタ!$D:$D,0)),D41)) | F41: =IF(E41="","",IF(C41="",DATE(9999,1,1),C41)) | G41: =IF(E41="","",COUNTIFS($F$39:$F$50,"<"&F41,$F$39:$F$50,"<>")+COUNTIFS($F$39:$F$50,F41,$B$39:$B$50,"<"&B41)+1) | H41: =IF(OR(E41="",C41=""),"",IF(C41>=DATE(2019,5,1),"令和"&(YEAR(C41)-2018),IF(C41>=DATE(1989,1,8),"平成"&(YEAR(C41)-1988),"昭和"&(YEAR(C41)-1925)))&"年"&MONTH(C41)&"月")
A42: 4 | B42: 4 | C42: =IFERROR(IF(ISNUMBER(入力!U8),入力!U8,DATEVALUE(入力!U8)),"") | D42: =IF(入力!T8="","",入力!T8) | E42: =IF(D42="","",IFERROR(INDEX(資格マスタ!$B:$B,MATCH(ASC(SUBSTITUTE(SUBSTITUTE(D42," ","")," ","")),資格マスタ!$D:$D,0)),D42)) | F42: =IF(E42="","",IF(C42="",DATE(9999,1,1),C42)) | G42: =IF(E42="","",COUNTIFS($F$39:$F$50,"<"&F42,$F$39:$F$50,"<>")+COUNTIFS($F$39:$F$50,F42,$B$39:$B$50,"<"&B42)+1) | H42: =IF(OR(E42="",C42=""),"",IF(C42>=DATE(2019,5,1),"令和"&(YEAR(C42)-2018),IF(C42>=DATE(1989,1,8),"平成"&(YEAR(C42)-1988),"昭和"&(YEAR(C42)-1925)))&"年"&MONTH(C42)&"月")
A43: 4 | B43: 5 | C43: =IFERROR(IF(ISNUMBER(入力!W8),入力!W8,DATEVALUE(入力!W8)),"") | D43: =IF(入力!V8="","",入力!V8) | E43: =IF(D43="","",IFERROR(INDEX(資格マスタ!$B:$B,MATCH(ASC(SUBSTITUTE(SUBSTITUTE(D43," ","")," ","")),資格マスタ!$D:$D,0)),D43)) | F43: =IF(E43="","",IF(C43="",DATE(9999,1,1),C43)) | G43: =IF(E43="","",COUNTIFS($F$39:$F$50,"<"&F43,$F$39:$F$50,"<>")+COUNTIFS($F$39:$F$50,F43,$B$39:$B$50,"<"&B43)+1) | H43: =IF(OR(E43="",C43=""),"",IF(C43>=DATE(2019,5,1),"令和"&(YEAR(C43)-2018),IF(C43>=DATE(1989,1,8),"平成"&(YEAR(C43)-1988),"昭和"&(YEAR(C43)-1925)))&"年"&MONTH(C43)&"月")
A44: 4 | B44: 6 | C44: =IFERROR(IF(ISNUMBER(入力!Y8),入力!Y8,DATEVALUE(入力!Y8)),"") | D44: =IF(入力!X8="","",入力!X8) | E44: =IF(D44="","",IFERROR(INDEX(資格マスタ!$B:$B,MATCH(ASC(SUBSTITUTE(SUBSTITUTE(D44," ","")," ","")),資格マスタ!$D:$D,0)),D44)) | F44: =IF(E44="","",IF(C44="",DATE(9999,1,1),C44)) | G44: =IF(E44="","",COUNTIFS($F$39:$F$50,"<"&F44,$F$39:$F$50,"<>")+COUNTIFS($F$39:$F$50,F44,$B$39:$B$50,"<"&B44)+1) | H44: =IF(OR(E44="",C44=""),"",IF(C44>=DATE(2019,5,1),"令和"&(YEAR(C44)-2018),IF(C44>=DATE(1989,1,8),"平成"&(YEAR(C44)-1988),"昭和"&(YEAR(C44)-1925)))&"年"&MONTH(C44)&"月")
A45: 4 | B45: 7 | C45: =IFERROR(INDEX(資格取込!$S$6:$S$205,MATCH(4&"_"&1,資格取込!$Z$6:$Z$205,0)),"") | D45: =IFERROR(INDEX(資格取込!$R$6:$R$205,MATCH(4&"_"&1,資格取込!$Z$6:$Z$205,0)),"") | E45: =IF(D45="","",IFERROR(INDEX(資格マスタ!$B:$B,MATCH(ASC(SUBSTITUTE(SUBSTITUTE(D45," ","")," ","")),資格マスタ!$D:$D,0)),D45)) | F45: =IF(E45="","",IF(C45="",DATE(9999,1,1),C45)) | G45: =IF(E45="","",COUNTIFS($F$39:$F$50,"<"&F45,$F$39:$F$50,"<>")+COUNTIFS($F$39:$F$50,F45,$B$39:$B$50,"<"&B45)+1) | H45: =IF(OR(E45="",C45=""),"",IF(C45>=DATE(2019,5,1),"令和"&(YEAR(C45)-2018),IF(C45>=DATE(1989,1,8),"平成"&(YEAR(C45)-1988),"昭和"&(YEAR(C45)-1925)))&"年"&MONTH(C45)&"月")
A46: 4 | B46: 8 | C46: =IFERROR(INDEX(資格取込!$S$6:$S$205,MATCH(4&"_"&2,資格取込!$Z$6:$Z$205,0)),"") | D46: =IFERROR(INDEX(資格取込!$R$6:$R$205,MATCH(4&"_"&2,資格取込!$Z$6:$Z$205,0)),"") | E46: =IF(D46="","",IFERROR(INDEX(資格マスタ!$B:$B,MATCH(ASC(SUBSTITUTE(SUBSTITUTE(D46," ","")," ","")),資格マスタ!$D:$D,0)),D46)) | F46: =IF(E46="","",IF(C46="",DATE(9999,1,1),C46)) | G46: =IF(E46="","",COUNTIFS($F$39:$F$50,"<"&F46,$F$39:$F$50,"<>")+COUNTIFS($F$39:$F$50,F46,$B$39:$B$50,"<"&B46)+1) | H46: =IF(OR(E46="",C46=""),"",IF(C46>=DATE(2019,5,1),"令和"&(YEAR(C46)-2018),IF(C46>=DATE(1989,1,8),"平成"&(YEAR(C46)-1988),"昭和"&(YEAR(C46)-1925)))&"年"&MONTH(C46)&"月")
A47: 4 | B47: 9 | C47: =IFERROR(INDEX(資格取込!$S$6:$S$205,MATCH(4&"_"&3,資格取込!$Z$6:$Z$205,0)),"") | D47: =IFERROR(INDEX(資格取込!$R$6:$R$205,MATCH(4&"_"&3,資格取込!$Z$6:$Z$205,0)),"") | E47: =IF(D47="","",IFERROR(INDEX(資格マスタ!$B:$B,MATCH(ASC(SUBSTITUTE(SUBSTITUTE(D47," ","")," ","")),資格マスタ!$D:$D,0)),D47)) | F47: =IF(E47="","",IF(C47="",DATE(9999,1,1),C47)) | G47: =IF(E47="","",COUNTIFS($F$39:$F$50,"<"&F47,$F$39:$F$50,"<>")+COUNTIFS($F$39:$F$50,F47,$B$39:$B$50,"<"&B47)+1) | H47: =IF(OR(E47="",C47=""),"",IF(C47>=DATE(2019,5,1),"令和"&(YEAR(C47)-2018),IF(C47>=DATE(1989,1,8),"平成"&(YEAR(C47)-1988),"昭和"&(YEAR(C47)-1925)))&"年"&MONTH(C47)&"月")
A48: 4 | B48: 10 | C48: =IFERROR(INDEX(資格取込!$S$6:$S$205,MATCH(4&"_"&4,資格取込!$Z$6:$Z$205,0)),"") | D48: =IFERROR(INDEX(資格取込!$R$6:$R$205,MATCH(4&"_"&4,資格取込!$Z$6:$Z$205,0)),"") | E48: =IF(D48="","",IFERROR(INDEX(資格マスタ!$B:$B,MATCH(ASC(SUBSTITUTE(SUBSTITUTE(D48," ","")," ","")),資格マスタ!$D:$D,0)),D48)) | F48: =IF(E48="","",IF(C48="",DATE(9999,1,1),C48)) | G48: =IF(E48="","",COUNTIFS($F$39:$F$50,"<"&F48,$F$39:$F$50,"<>")+COUNTIFS($F$39:$F$50,F48,$B$39:$B$50,"<"&B48)+1) | H48: =IF(OR(E48="",C48=""),"",IF(C48>=DATE(2019,5,1),"令和"&(YEAR(C48)-2018),IF(C48>=DATE(1989,1,8),"平成"&(YEAR(C48)-1988),"昭和"&(YEAR(C48)-1925)))&"年"&MONTH(C48)&"月")
A49: 4 | B49: 11 | C49: =IFERROR(INDEX(資格取込!$S$6:$S$205,MATCH(4&"_"&5,資格取込!$Z$6:$Z$205,0)),"") | D49: =IFERROR(INDEX(資格取込!$R$6:$R$205,MATCH(4&"_"&5,資格取込!$Z$6:$Z$205,0)),"") | E49: =IF(D49="","",IFERROR(INDEX(資格マスタ!$B:$B,MATCH(ASC(SUBSTITUTE(SUBSTITUTE(D49," ","")," ","")),資格マスタ!$D:$D,0)),D49)) | F49: =IF(E49="","",IF(C49="",DATE(9999,1,1),C49)) | G49: =IF(E49="","",COUNTIFS($F$39:$F$50,"<"&F49,$F$39:$F$50,"<>")+COUNTIFS($F$39:$F$50,F49,$B$39:$B$50,"<"&B49)+1) | H49: =IF(OR(E49="",C49=""),"",IF(C49>=DATE(2019,5,1),"令和"&(YEAR(C49)-2018),IF(C49>=DATE(1989,1,8),"平成"&(YEAR(C49)-1988),"昭和"&(YEAR(C49)-1925)))&"年"&MONTH(C49)&"月")
A50: 4 | B50: 12 | C50: =IFERROR(INDEX(資格取込!$S$6:$S$205,MATCH(4&"_"&6,資格取込!$Z$6:$Z$205,0)),"") | D50: =IFERROR(INDEX(資格取込!$R$6:$R$205,MATCH(4&"_"&6,資格取込!$Z$6:$Z$205,0)),"") | E50: =IF(D50="","",IFERROR(INDEX(資格マスタ!$B:$B,MATCH(ASC(SUBSTITUTE(SUBSTITUTE(D50," ","")," ","")),資格マスタ!$D:$D,0)),D50)) | F50: =IF(E50="","",IF(C50="",DATE(9999,1,1),C50)) | G50: =IF(E50="","",COUNTIFS($F$39:$F$50,"<"&F50,$F$39:$F$50,"<>")+COUNTIFS($F$39:$F$50,F50,$B$39:$B$50,"<"&B50)+1) | H50: =IF(OR(E50="",C50=""),"",IF(C50>=DATE(2019,5,1),"令和"&(YEAR(C50)-2018),IF(C50>=DATE(1989,1,8),"平成"&(YEAR(C50)-1988),"昭和"&(YEAR(C50)-1925)))&"年"&MONTH(C50)&"月")
A51: 5 | B51: 1 | C51: =IFERROR(IF(ISNUMBER(入力!O9),入力!O9,DATEVALUE(入力!O9)),"") | D51: =IF(入力!N9="","",入力!N9) | E51: =IF(D51="","",IFERROR(INDEX(資格マスタ!$B:$B,MATCH(ASC(SUBSTITUTE(SUBSTITUTE(D51," ","")," ","")),資格マスタ!$D:$D,0)),D51)) | F51: =IF(E51="","",IF(C51="",DATE(9999,1,1),C51)) | G51: =IF(E51="","",COUNTIFS($F$51:$F$62,"<"&F51,$F$51:$F$62,"<>")+COUNTIFS($F$51:$F$62,F51,$B$51:$B$62,"<"&B51)+1) | H51: =IF(OR(E51="",C51=""),"",IF(C51>=DATE(2019,5,1),"令和"&(YEAR(C51)-2018),IF(C51>=DATE(1989,1,8),"平成"&(YEAR(C51)-1988),"昭和"&(YEAR(C51)-1925)))&"年"&MONTH(C51)&"月")
A52: 5 | B52: 2 | C52: =IFERROR(IF(ISNUMBER(入力!Q9),入力!Q9,DATEVALUE(入力!Q9)),"") | D52: =IF(入力!P9="","",入力!P9) | E52: =IF(D52="","",IFERROR(INDEX(資格マスタ!$B:$B,MATCH(ASC(SUBSTITUTE(SUBSTITUTE(D52," ","")," ","")),資格マスタ!$D:$D,0)),D52)) | F52: =IF(E52="","",IF(C52="",DATE(9999,1,1),C52)) | G52: =IF(E52="","",COUNTIFS($F$51:$F$62,"<"&F52,$F$51:$F$62,"<>")+COUNTIFS($F$51:$F$62,F52,$B$51:$B$62,"<"&B52)+1) | H52: =IF(OR(E52="",C52=""),"",IF(C52>=DATE(2019,5,1),"令和"&(YEAR(C52)-2018),IF(C52>=DATE(1989,1,8),"平成"&(YEAR(C52)-1988),"昭和"&(YEAR(C52)-1925)))&"年"&MONTH(C52)&"月")
A53: 5 | B53: 3 | C53: =IFERROR(IF(ISNUMBER(入力!S9),入力!S9,DATEVALUE(入力!S9)),"") | D53: =IF(入力!R9="","",入力!R9) | E53: =IF(D53="","",IFERROR(INDEX(資格マスタ!$B:$B,MATCH(ASC(SUBSTITUTE(SUBSTITUTE(D53," ","")," ","")),資格マスタ!$D:$D,0)),D53)) | F53: =IF(E53="","",IF(C53="",DATE(9999,1,1),C53)) | G53: =IF(E53="","",COUNTIFS($F$51:$F$62,"<"&F53,$F$51:$F$62,"<>")+COUNTIFS($F$51:$F$62,F53,$B$51:$B$62,"<"&B53)+1) | H53: =IF(OR(E53="",C53=""),"",IF(C53>=DATE(2019,5,1),"令和"&(YEAR(C53)-2018),IF(C53>=DATE(1989,1,8),"平成"&(YEAR(C53)-1988),"昭和"&(YEAR(C53)-1925)))&"年"&MONTH(C53)&"月")
A54: 5 | B54: 4 | C54: =IFERROR(IF(ISNUMBER(入力!U9),入力!U9,DATEVALUE(入力!U9)),"") | D54: =IF(入力!T9="","",入力!T9) | E54: =IF(D54="","",IFERROR(INDEX(資格マスタ!$B:$B,MATCH(ASC(SUBSTITUTE(SUBSTITUTE(D54," ","")," ","")),資格マスタ!$D:$D,0)),D54)) | F54: =IF(E54="","",IF(C54="",DATE(9999,1,1),C54)) | G54: =IF(E54="","",COUNTIFS($F$51:$F$62,"<"&F54,$F$51:$F$62,"<>")+COUNTIFS($F$51:$F$62,F54,$B$51:$B$62,"<"&B54)+1) | H54: =IF(OR(E54="",C54=""),"",IF(C54>=DATE(2019,5,1),"令和"&(YEAR(C54)-2018),IF(C54>=DATE(1989,1,8),"平成"&(YEAR(C54)-1988),"昭和"&(YEAR(C54)-1925)))&"年"&MONTH(C54)&"月")
A55: 5 | B55: 5 | C55: =IFERROR(IF(ISNUMBER(入力!W9),入力!W9,DATEVALUE(入力!W9)),"") | D55: =IF(入力!V9="","",入力!V9) | E55: =IF(D55="","",IFERROR(INDEX(資格マスタ!$B:$B,MATCH(ASC(SUBSTITUTE(SUBSTITUTE(D55," ","")," ","")),資格マスタ!$D:$D,0)),D55)) | F55: =IF(E55="","",IF(C55="",DATE(9999,1,1),C55)) | G55: =IF(E55="","",COUNTIFS($F$51:$F$62,"<"&F55,$F$51:$F$62,"<>")+COUNTIFS($F$51:$F$62,F55,$B$51:$B$62,"<"&B55)+1) | H55: =IF(OR(E55="",C55=""),"",IF(C55>=DATE(2019,5,1),"令和"&(YEAR(C55)-2018),IF(C55>=DATE(1989,1,8),"平成"&(YEAR(C55)-1988),"昭和"&(YEAR(C55)-1925)))&"年"&MONTH(C55)&"月")
A56: 5 | B56: 6 | C56: =IFERROR(IF(ISNUMBER(入力!Y9),入力!Y9,DATEVALUE(入力!Y9)),"") | D56: =IF(入力!X9="","",入力!X9) | E56: =IF(D56="","",IFERROR(INDEX(資格マスタ!$B:$B,MATCH(ASC(SUBSTITUTE(SUBSTITUTE(D56," ","")," ","")),資格マスタ!$D:$D,0)),D56)) | F56: =IF(E56="","",IF(C56="",DATE(9999,1,1),C56)) | G56: =IF(E56="","",COUNTIFS($F$51:$F$62,"<"&F56,$F$51:$F$62,"<>")+COUNTIFS($F$51:$F$62,F56,$B$51:$B$62,"<"&B56)+1) | H56: =IF(OR(E56="",C56=""),"",IF(C56>=DATE(2019,5,1),"令和"&(YEAR(C56)-2018),IF(C56>=DATE(1989,1,8),"平成"&(YEAR(C56)-1988),"昭和"&(YEAR(C56)-1925)))&"年"&MONTH(C56)&"月")
A57: 5 | B57: 7 | C57: =IFERROR(INDEX(資格取込!$S$6:$S$205,MATCH(5&"_"&1,資格取込!$Z$6:$Z$205,0)),"") | D57: =IFERROR(INDEX(資格取込!$R$6:$R$205,MATCH(5&"_"&1,資格取込!$Z$6:$Z$205,0)),"") | E57: =IF(D57="","",IFERROR(INDEX(資格マスタ!$B:$B,MATCH(ASC(SUBSTITUTE(SUBSTITUTE(D57," ","")," ","")),資格マスタ!$D:$D,0)),D57)) | F57: =IF(E57="","",IF(C57="",DATE(9999,1,1),C57)) | G57: =IF(E57="","",COUNTIFS($F$51:$F$62,"<"&F57,$F$51:$F$62,"<>")+COUNTIFS($F$51:$F$62,F57,$B$51:$B$62,"<"&B57)+1) | H57: =IF(OR(E57="",C57=""),"",IF(C57>=DATE(2019,5,1),"令和"&(YEAR(C57)-2018),IF(C57>=DATE(1989,1,8),"平成"&(YEAR(C57)-1988),"昭和"&(YEAR(C57)-1925)))&"年"&MONTH(C57)&"月")
A58: 5 | B58: 8 | C58: =IFERROR(INDEX(資格取込!$S$6:$S$205,MATCH(5&"_"&2,資格取込!$Z$6:$Z$205,0)),"") | D58: =IFERROR(INDEX(資格取込!$R$6:$R$205,MATCH(5&"_"&2,資格取込!$Z$6:$Z$205,0)),"") | E58: =IF(D58="","",IFERROR(INDEX(資格マスタ!$B:$B,MATCH(ASC(SUBSTITUTE(SUBSTITUTE(D58," ","")," ","")),資格マスタ!$D:$D,0)),D58)) | F58: =IF(E58="","",IF(C58="",DATE(9999,1,1),C58)) | G58: =IF(E58="","",COUNTIFS($F$51:$F$62,"<"&F58,$F$51:$F$62,"<>")+COUNTIFS($F$51:$F$62,F58,$B$51:$B$62,"<"&B58)+1) | H58: =IF(OR(E58="",C58=""),"",IF(C58>=DATE(2019,5,1),"令和"&(YEAR(C58)-2018),IF(C58>=DATE(1989,1,8),"平成"&(YEAR(C58)-1988),"昭和"&(YEAR(C58)-1925)))&"年"&MONTH(C58)&"月")
A59: 5 | B59: 9 | C59: =IFERROR(INDEX(資格取込!$S$6:$S$205,MATCH(5&"_"&3,資格取込!$Z$6:$Z$205,0)),"") | D59: =IFERROR(INDEX(資格取込!$R$6:$R$205,MATCH(5&"_"&3,資格取込!$Z$6:$Z$205,0)),"") | E59: =IF(D59="","",IFERROR(INDEX(資格マスタ!$B:$B,MATCH(ASC(SUBSTITUTE(SUBSTITUTE(D59," ","")," ","")),資格マスタ!$D:$D,0)),D59)) | F59: =IF(E59="","",IF(C59="",DATE(9999,1,1),C59)) | G59: =IF(E59="","",COUNTIFS($F$51:$F$62,"<"&F59,$F$51:$F$62,"<>")+COUNTIFS($F$51:$F$62,F59,$B$51:$B$62,"<"&B59)+1) | H59: =IF(OR(E59="",C59=""),"",IF(C59>=DATE(2019,5,1),"令和"&(YEAR(C59)-2018),IF(C59>=DATE(1989,1,8),"平成"&(YEAR(C59)-1988),"昭和"&(YEAR(C59)-1925)))&"年"&MONTH(C59)&"月")
A60: 5 | B60: 10 | C60: =IFERROR(INDEX(資格取込!$S$6:$S$205,MATCH(5&"_"&4,資格取込!$Z$6:$Z$205,0)),"") | D60: =IFERROR(INDEX(資格取込!$R$6:$R$205,MATCH(5&"_"&4,資格取込!$Z$6:$Z$205,0)),"") | E60: =IF(D60="","",IFERROR(INDEX(資格マスタ!$B:$B,MATCH(ASC(SUBSTITUTE(SUBSTITUTE(D60," ","")," ","")),資格マスタ!$D:$D,0)),D60)) | F60: =IF(E60="","",IF(C60="",DATE(9999,1,1),C60)) | G60: =IF(E60="","",COUNTIFS($F$51:$F$62,"<"&F60,$F$51:$F$62,"<>")+COUNTIFS($F$51:$F$62,F60,$B$51:$B$62,"<"&B60)+1) | H60: =IF(OR(E60="",C60=""),"",IF(C60>=DATE(2019,5,1),"令和"&(YEAR(C60)-2018),IF(C60>=DATE(1989,1,8),"平成"&(YEAR(C60)-1988),"昭和"&(YEAR(C60)-1925)))&"年"&MONTH(C60)&"月")
A61: 5 | B61: 11 | C61: =IFERROR(INDEX(資格取込!$S$6:$S$205,MATCH(5&"_"&5,資格取込!$Z$6:$Z$205,0)),"") | D61: =IFERROR(INDEX(資格取込!$R$6:$R$205,MATCH(5&"_"&5,資格取込!$Z$6:$Z$205,0)),"") | E61: =IF(D61="","",IFERROR(INDEX(資格マスタ!$B:$B,MATCH(ASC(SUBSTITUTE(SUBSTITUTE(D61," ","")," ","")),資格マスタ!$D:$D,0)),D61)) | F61: =IF(E61="","",IF(C61="",DATE(9999,1,1),C61)) | G61: =IF(E61="","",COUNTIFS($F$51:$F$62,"<"&F61,$F$51:$F$62,"<>")+COUNTIFS($F$51:$F$62,F61,$B$51:$B$62,"<"&B61)+1) | H61: =IF(OR(E61="",C61=""),"",IF(C61>=DATE(2019,5,1),"令和"&(YEAR(C61)-2018),IF(C61>=DATE(1989,1,8),"平成"&(YEAR(C61)-1988),"昭和"&(YEAR(C61)-1925)))&"年"&MONTH(C61)&"月")
A62: 5 | B62: 12 | C62: =IFERROR(INDEX(資格取込!$S$6:$S$205,MATCH(5&"_"&6,資格取込!$Z$6:$Z$205,0)),"") | D62: =IFERROR(INDEX(資格取込!$R$6:$R$205,MATCH(5&"_"&6,資格取込!$Z$6:$Z$205,0)),"") | E62: =IF(D62="","",IFERROR(INDEX(資格マスタ!$B:$B,MATCH(ASC(SUBSTITUTE(SUBSTITUTE(D62," ","")," ","")),資格マスタ!$D:$D,0)),D62)) | F62: =IF(E62="","",IF(C62="",DATE(9999,1,1),C62)) | G62: =IF(E62="","",COUNTIFS($F$51:$F$62,"<"&F62,$F$51:$F$62,"<>")+COUNTIFS($F$51:$F$62,F62,$B$51:$B$62,"<"&B62)+1) | H62: =IF(OR(E62="",C62=""),"",IF(C62>=DATE(2019,5,1),"令和"&(YEAR(C62)-2018),IF(C62>=DATE(1989,1,8),"平成"&(YEAR(C62)-1988),"昭和"&(YEAR(C62)-1925)))&"年"&MONTH(C62)&"月")
A63: 6 | B63: 1 | C63: =IFERROR(IF(ISNUMBER(入力!O10),入力!O10,DATEVALUE(入力!O10)),"") | D63: =IF(入力!N10="","",入力!N10) | E63: =IF(D63="","",IFERROR(INDEX(資格マスタ!$B:$B,MATCH(ASC(SUBSTITUTE(SUBSTITUTE(D63," ","")," ","")),資格マスタ!$D:$D,0)),D63)) | F63: =IF(E63="","",IF(C63="",DATE(9999,1,1),C63)) | G63: =IF(E63="","",COUNTIFS($F$63:$F$74,"<"&F63,$F$63:$F$74,"<>")+COUNTIFS($F$63:$F$74,F63,$B$63:$B$74,"<"&B63)+1) | H63: =IF(OR(E63="",C63=""),"",IF(C63>=DATE(2019,5,1),"令和"&(YEAR(C63)-2018),IF(C63>=DATE(1989,1,8),"平成"&(YEAR(C63)-1988),"昭和"&(YEAR(C63)-1925)))&"年"&MONTH(C63)&"月")
A64: 6 | B64: 2 | C64: =IFERROR(IF(ISNUMBER(入力!Q10),入力!Q10,DATEVALUE(入力!Q10)),"") | D64: =IF(入力!P10="","",入力!P10) | E64: =IF(D64="","",IFERROR(INDEX(資格マスタ!$B:$B,MATCH(ASC(SUBSTITUTE(SUBSTITUTE(D64," ","")," ","")),資格マスタ!$D:$D,0)),D64)) | F64: =IF(E64="","",IF(C64="",DATE(9999,1,1),C64)) | G64: =IF(E64="","",COUNTIFS($F$63:$F$74,"<"&F64,$F$63:$F$74,"<>")+COUNTIFS($F$63:$F$74,F64,$B$63:$B$74,"<"&B64)+1) | H64: =IF(OR(E64="",C64=""),"",IF(C64>=DATE(2019,5,1),"令和"&(YEAR(C64)-2018),IF(C64>=DATE(1989,1,8),"平成"&(YEAR(C64)-1988),"昭和"&(YEAR(C64)-1925)))&"年"&MONTH(C64)&"月")
A65: 6 | B65: 3 | C65: =IFERROR(IF(ISNUMBER(入力!S10),入力!S10,DATEVALUE(入力!S10)),"") | D65: =IF(入力!R10="","",入力!R10) | E65: =IF(D65="","",IFERROR(INDEX(資格マスタ!$B:$B,MATCH(ASC(SUBSTITUTE(SUBSTITUTE(D65," ","")," ","")),資格マスタ!$D:$D,0)),D65)) | F65: =IF(E65="","",IF(C65="",DATE(9999,1,1),C65)) | G65: =IF(E65="","",COUNTIFS($F$63:$F$74,"<"&F65,$F$63:$F$74,"<>")+COUNTIFS($F$63:$F$74,F65,$B$63:$B$74,"<"&B65)+1) | H65: =IF(OR(E65="",C65=""),"",IF(C65>=DATE(2019,5,1),"令和"&(YEAR(C65)-2018),IF(C65>=DATE(1989,1,8),"平成"&(YEAR(C65)-1988),"昭和"&(YEAR(C65)-1925)))&"年"&MONTH(C65)&"月")
A66: 6 | B66: 4 | C66: =IFERROR(IF(ISNUMBER(入力!U10),入力!U10,DATEVALUE(入力!U10)),"") | D66: =IF(入力!T10="","",入力!T10) | E66: =IF(D66="","",IFERROR(INDEX(資格マスタ!$B:$B,MATCH(ASC(SUBSTITUTE(SUBSTITUTE(D66," ","")," ","")),資格マスタ!$D:$D,0)),D66)) | F66: =IF(E66="","",IF(C66="",DATE(9999,1,1),C66)) | G66: =IF(E66="","",COUNTIFS($F$63:$F$74,"<"&F66,$F$63:$F$74,"<>")+COUNTIFS($F$63:$F$74,F66,$B$63:$B$74,"<"&B66)+1) | H66: =IF(OR(E66="",C66=""),"",IF(C66>=DATE(2019,5,1),"令和"&(YEAR(C66)-2018),IF(C66>=DATE(1989,1,8),"平成"&(YEAR(C66)-1988),"昭和"&(YEAR(C66)-1925)))&"年"&MONTH(C66)&"月")
A67: 6 | B67: 5 | C67: =IFERROR(IF(ISNUMBER(入力!W10),入力!W10,DATEVALUE(入力!W10)),"") | D67: =IF(入力!V10="","",入力!V10) | E67: =IF(D67="","",IFERROR(INDEX(資格マスタ!$B:$B,MATCH(ASC(SUBSTITUTE(SUBSTITUTE(D67," ","")," ","")),資格マスタ!$D:$D,0)),D67)) | F67: =IF(E67="","",IF(C67="",DATE(9999,1,1),C67)) | G67: =IF(E67="","",COUNTIFS($F$63:$F$74,"<"&F67,$F$63:$F$74,"<>")+COUNTIFS($F$63:$F$74,F67,$B$63:$B$74,"<"&B67)+1) | H67: =IF(OR(E67="",C67=""),"",IF(C67>=DATE(2019,5,1),"令和"&(YEAR(C67)-2018),IF(C67>=DATE(1989,1,8),"平成"&(YEAR(C67)-1988),"昭和"&(YEAR(C67)-1925)))&"年"&MONTH(C67)&"月")
A68: 6 | B68: 6 | C68: =IFERROR(IF(ISNUMBER(入力!Y10),入力!Y10,DATEVALUE(入力!Y10)),"") | D68: =IF(入力!X10="","",入力!X10) | E68: =IF(D68="","",IFERROR(INDEX(資格マスタ!$B:$B,MATCH(ASC(SUBSTITUTE(SUBSTITUTE(D68," ","")," ","")),資格マスタ!$D:$D,0)),D68)) | F68: =IF(E68="","",IF(C68="",DATE(9999,1,1),C68)) | G68: =IF(E68="","",COUNTIFS($F$63:$F$74,"<"&F68,$F$63:$F$74,"<>")+COUNTIFS($F$63:$F$74,F68,$B$63:$B$74,"<"&B68)+1) | H68: =IF(OR(E68="",C68=""),"",IF(C68>=DATE(2019,5,1),"令和"&(YEAR(C68)-2018),IF(C68>=DATE(1989,1,8),"平成"&(YEAR(C68)-1988),"昭和"&(YEAR(C68)-1925)))&"年"&MONTH(C68)&"月")
A69: 6 | B69: 7 | C69: =IFERROR(INDEX(資格取込!$S$6:$S$205,MATCH(6&"_"&1,資格取込!$Z$6:$Z$205,0)),"") | D69: =IFERROR(INDEX(資格取込!$R$6:$R$205,MATCH(6&"_"&1,資格取込!$Z$6:$Z$205,0)),"") | E69: =IF(D69="","",IFERROR(INDEX(資格マスタ!$B:$B,MATCH(ASC(SUBSTITUTE(SUBSTITUTE(D69," ","")," ","")),資格マスタ!$D:$D,0)),D69)) | F69: =IF(E69="","",IF(C69="",DATE(9999,1,1),C69)) | G69: =IF(E69="","",COUNTIFS($F$63:$F$74,"<"&F69,$F$63:$F$74,"<>")+COUNTIFS($F$63:$F$74,F69,$B$63:$B$74,"<"&B69)+1) | H69: =IF(OR(E69="",C69=""),"",IF(C69>=DATE(2019,5,1),"令和"&(YEAR(C69)-2018),IF(C69>=DATE(1989,1,8),"平成"&(YEAR(C69)-1988),"昭和"&(YEAR(C69)-1925)))&"年"&MONTH(C69)&"月")
A70: 6 | B70: 8 | C70: =IFERROR(INDEX(資格取込!$S$6:$S$205,MATCH(6&"_"&2,資格取込!$Z$6:$Z$205,0)),"") | D70: =IFERROR(INDEX(資格取込!$R$6:$R$205,MATCH(6&"_"&2,資格取込!$Z$6:$Z$205,0)),"") | E70: =IF(D70="","",IFERROR(INDEX(資格マスタ!$B:$B,MATCH(ASC(SUBSTITUTE(SUBSTITUTE(D70," ","")," ","")),資格マスタ!$D:$D,0)),D70)) | F70: =IF(E70="","",IF(C70="",DATE(9999,1,1),C70)) | G70: =IF(E70="","",COUNTIFS($F$63:$F$74,"<"&F70,$F$63:$F$74,"<>")+COUNTIFS($F$63:$F$74,F70,$B$63:$B$74,"<"&B70)+1) | H70: =IF(OR(E70="",C70=""),"",IF(C70>=DATE(2019,5,1),"令和"&(YEAR(C70)-2018),IF(C70>=DATE(1989,1,8),"平成"&(YEAR(C70)-1988),"昭和"&(YEAR(C70)-1925)))&"年"&MONTH(C70)&"月")
A71: 6 | B71: 9 | C71: =IFERROR(INDEX(資格取込!$S$6:$S$205,MATCH(6&"_"&3,資格取込!$Z$6:$Z$205,0)),"") | D71: =IFERROR(INDEX(資格取込!$R$6:$R$205,MATCH(6&"_"&3,資格取込!$Z$6:$Z$205,0)),"") | E71: =IF(D71="","",IFERROR(INDEX(資格マスタ!$B:$B,MATCH(ASC(SUBSTITUTE(SUBSTITUTE(D71," ","")," ","")),資格マスタ!$D:$D,0)),D71)) | F71: =IF(E71="","",IF(C71="",DATE(9999,1,1),C71)) | G71: =IF(E71="","",COUNTIFS($F$63:$F$74,"<"&F71,$F$63:$F$74,"<>")+COUNTIFS($F$63:$F$74,F71,$B$63:$B$74,"<"&B71)+1) | H71: =IF(OR(E71="",C71=""),"",IF(C71>=DATE(2019,5,1),"令和"&(YEAR(C71)-2018),IF(C71>=DATE(1989,1,8),"平成"&(YEAR(C71)-1988),"昭和"&(YEAR(C71)-1925)))&"年"&MONTH(C71)&"月")
A72: 6 | B72: 10 | C72: =IFERROR(INDEX(資格取込!$S$6:$S$205,MATCH(6&"_"&4,資格取込!$Z$6:$Z$205,0)),"") | D72: =IFERROR(INDEX(資格取込!$R$6:$R$205,MATCH(6&"_"&4,資格取込!$Z$6:$Z$205,0)),"") | E72: =IF(D72="","",IFERROR(INDEX(資格マスタ!$B:$B,MATCH(ASC(SUBSTITUTE(SUBSTITUTE(D72," ","")," ","")),資格マスタ!$D:$D,0)),D72)) | F72: =IF(E72="","",IF(C72="",DATE(9999,1,1),C72)) | G72: =IF(E72="","",COUNTIFS($F$63:$F$74,"<"&F72,$F$63:$F$74,"<>")+COUNTIFS($F$63:$F$74,F72,$B$63:$B$74,"<"&B72)+1) | H72: =IF(OR(E72="",C72=""),"",IF(C72>=DATE(2019,5,1),"令和"&(YEAR(C72)-2018),IF(C72>=DATE(1989,1,8),"平成"&(YEAR(C72)-1988),"昭和"&(YEAR(C72)-1925)))&"年"&MONTH(C72)&"月")
A73: 6 | B73: 11 | C73: =IFERROR(INDEX(資格取込!$S$6:$S$205,MATCH(6&"_"&5,資格取込!$Z$6:$Z$205,0)),"") | D73: =IFERROR(INDEX(資格取込!$R$6:$R$205,MATCH(6&"_"&5,資格取込!$Z$6:$Z$205,0)),"") | E73: =IF(D73="","",IFERROR(INDEX(資格マスタ!$B:$B,MATCH(ASC(SUBSTITUTE(SUBSTITUTE(D73," ","")," ","")),資格マスタ!$D:$D,0)),D73)) | F73: =IF(E73="","",IF(C73="",DATE(9999,1,1),C73)) | G73: =IF(E73="","",COUNTIFS($F$63:$F$74,"<"&F73,$F$63:$F$74,"<>")+COUNTIFS($F$63:$F$74,F73,$B$63:$B$74,"<"&B73)+1) | H73: =IF(OR(E73="",C73=""),"",IF(C73>=DATE(2019,5,1),"令和"&(YEAR(C73)-2018),IF(C73>=DATE(1989,1,8),"平成"&(YEAR(C73)-1988),"昭和"&(YEAR(C73)-1925)))&"年"&MONTH(C73)&"月")
A74: 6 | B74: 12 | C74: =IFERROR(INDEX(資格取込!$S$6:$S$205,MATCH(6&"_"&6,資格取込!$Z$6:$Z$205,0)),"") | D74: =IFERROR(INDEX(資格取込!$R$6:$R$205,MATCH(6&"_"&6,資格取込!$Z$6:$Z$205,0)),"") | E74: =IF(D74="","",IFERROR(INDEX(資格マスタ!$B:$B,MATCH(ASC(SUBSTITUTE(SUBSTITUTE(D74," ","")," ","")),資格マスタ!$D:$D,0)),D74)) | F74: =IF(E74="","",IF(C74="",DATE(9999,1,1),C74)) | G74: =IF(E74="","",COUNTIFS($F$63:$F$74,"<"&F74,$F$63:$F$74,"<>")+COUNTIFS($F$63:$F$74,F74,$B$63:$B$74,"<"&B74)+1) | H74: =IF(OR(E74="",C74=""),"",IF(C74>=DATE(2019,5,1),"令和"&(YEAR(C74)-2018),IF(C74>=DATE(1989,1,8),"平成"&(YEAR(C74)-1988),"昭和"&(YEAR(C74)-1925)))&"年"&MONTH(C74)&"月")
A75: 7 | B75: 1 | C75: =IFERROR(IF(ISNUMBER(入力!O11),入力!O11,DATEVALUE(入力!O11)),"") | D75: =IF(入力!N11="","",入力!N11) | E75: =IF(D75="","",IFERROR(INDEX(資格マスタ!$B:$B,MATCH(ASC(SUBSTITUTE(SUBSTITUTE(D75," ","")," ","")),資格マスタ!$D:$D,0)),D75)) | F75: =IF(E75="","",IF(C75="",DATE(9999,1,1),C75)) | G75: =IF(E75="","",COUNTIFS($F$75:$F$86,"<"&F75,$F$75:$F$86,"<>")+COUNTIFS($F$75:$F$86,F75,$B$75:$B$86,"<"&B75)+1) | H75: =IF(OR(E75="",C75=""),"",IF(C75>=DATE(2019,5,1),"令和"&(YEAR(C75)-2018),IF(C75>=DATE(1989,1,8),"平成"&(YEAR(C75)-1988),"昭和"&(YEAR(C75)-1925)))&"年"&MONTH(C75)&"月")
A76: 7 | B76: 2 | C76: =IFERROR(IF(ISNUMBER(入力!Q11),入力!Q11,DATEVALUE(入力!Q11)),"") | D76: =IF(入力!P11="","",入力!P11) | E76: =IF(D76="","",IFERROR(INDEX(資格マスタ!$B:$B,MATCH(ASC(SUBSTITUTE(SUBSTITUTE(D76," ","")," ","")),資格マスタ!$D:$D,0)),D76)) | F76: =IF(E76="","",IF(C76="",DATE(9999,1,1),C76)) | G76: =IF(E76="","",COUNTIFS($F$75:$F$86,"<"&F76,$F$75:$F$86,"<>")+COUNTIFS($F$75:$F$86,F76,$B$75:$B$86,"<"&B76)+1) | H76: =IF(OR(E76="",C76=""),"",IF(C76>=DATE(2019,5,1),"令和"&(YEAR(C76)-2018),IF(C76>=DATE(1989,1,8),"平成"&(YEAR(C76)-1988),"昭和"&(YEAR(C76)-1925)))&"年"&MONTH(C76)&"月")
A77: 7 | B77: 3 | C77: =IFERROR(IF(ISNUMBER(入力!S11),入力!S11,DATEVALUE(入力!S11)),"") | D77: =IF(入力!R11="","",入力!R11) | E77: =IF(D77="","",IFERROR(INDEX(資格マスタ!$B:$B,MATCH(ASC(SUBSTITUTE(SUBSTITUTE(D77," ","")," ","")),資格マスタ!$D:$D,0)),D77)) | F77: =IF(E77="","",IF(C77="",DATE(9999,1,1),C77)) | G77: =IF(E77="","",COUNTIFS($F$75:$F$86,"<"&F77,$F$75:$F$86,"<>")+COUNTIFS($F$75:$F$86,F77,$B$75:$B$86,"<"&B77)+1) | H77: =IF(OR(E77="",C77=""),"",IF(C77>=DATE(2019,5,1),"令和"&(YEAR(C77)-2018),IF(C77>=DATE(1989,1,8),"平成"&(YEAR(C77)-1988),"昭和"&(YEAR(C77)-1925)))&"年"&MONTH(C77)&"月")
A78: 7 | B78: 4 | C78: =IFERROR(IF(ISNUMBER(入力!U11),入力!U11,DATEVALUE(入力!U11)),"") | D78: =IF(入力!T11="","",入力!T11) | E78: =IF(D78="","",IFERROR(INDEX(資格マスタ!$B:$B,MATCH(ASC(SUBSTITUTE(SUBSTITUTE(D78," ","")," ","")),資格マスタ!$D:$D,0)),D78)) | F78: =IF(E78="","",IF(C78="",DATE(9999,1,1),C78)) | G78: =IF(E78="","",COUNTIFS($F$75:$F$86,"<"&F78,$F$75:$F$86,"<>")+COUNTIFS($F$75:$F$86,F78,$B$75:$B$86,"<"&B78)+1) | H78: =IF(OR(E78="",C78=""),"",IF(C78>=DATE(2019,5,1),"令和"&(YEAR(C78)-2018),IF(C78>=DATE(1989,1,8),"平成"&(YEAR(C78)-1988),"昭和"&(YEAR(C78)-1925)))&"年"&MONTH(C78)&"月")
A79: 7 | B79: 5 | C79: =IFERROR(IF(ISNUMBER(入力!W11),入力!W11,DATEVALUE(入力!W11)),"") | D79: =IF(入力!V11="","",入力!V11) | E79: =IF(D79="","",IFERROR(INDEX(資格マスタ!$B:$B,MATCH(ASC(SUBSTITUTE(SUBSTITUTE(D79," ","")," ","")),資格マスタ!$D:$D,0)),D79)) | F79: =IF(E79="","",IF(C79="",DATE(9999,1,1),C79)) | G79: =IF(E79="","",COUNTIFS($F$75:$F$86,"<"&F79,$F$75:$F$86,"<>")+COUNTIFS($F$75:$F$86,F79,$B$75:$B$86,"<"&B79)+1) | H79: =IF(OR(E79="",C79=""),"",IF(C79>=DATE(2019,5,1),"令和"&(YEAR(C79)-2018),IF(C79>=DATE(1989,1,8),"平成"&(YEAR(C79)-1988),"昭和"&(YEAR(C79)-1925)))&"年"&MONTH(C79)&"月")
A80: 7 | B80: 6 | C80: =IFERROR(IF(ISNUMBER(入力!Y11),入力!Y11,DATEVALUE(入力!Y11)),"") | D80: =IF(入力!X11="","",入力!X11) | E80: =IF(D80="","",IFERROR(INDEX(資格マスタ!$B:$B,MATCH(ASC(SUBSTITUTE(SUBSTITUTE(D80," ","")," ","")),資格マスタ!$D:$D,0)),D80)) | F80: =IF(E80="","",IF(C80="",DATE(9999,1,1),C80)) | G80: =IF(E80="","",COUNTIFS($F$75:$F$86,"<"&F80,$F$75:$F$86,"<>")+COUNTIFS($F$75:$F$86,F80,$B$75:$B$86,"<"&B80)+1) | H80: =IF(OR(E80="",C80=""),"",IF(C80>=DATE(2019,5,1),"令和"&(YEAR(C80)-2018),IF(C80>=DATE(1989,1,8),"平成"&(YEAR(C80)-1988),"昭和"&(YEAR(C80)-1925)))&"年"&MONTH(C80)&"月")
A81: 7 | B81: 7 | C81: =IFERROR(INDEX(資格取込!$S$6:$S$205,MATCH(7&"_"&1,資格取込!$Z$6:$Z$205,0)),"") | D81: =IFERROR(INDEX(資格取込!$R$6:$R$205,MATCH(7&"_"&1,資格取込!$Z$6:$Z$205,0)),"") | E81: =IF(D81="","",IFERROR(INDEX(資格マスタ!$B:$B,MATCH(ASC(SUBSTITUTE(SUBSTITUTE(D81," ","")," ","")),資格マスタ!$D:$D,0)),D81)) | F81: =IF(E81="","",IF(C81="",DATE(9999,1,1),C81)) | G81: =IF(E81="","",COUNTIFS($F$75:$F$86,"<"&F81,$F$75:$F$86,"<>")+COUNTIFS($F$75:$F$86,F81,$B$75:$B$86,"<"&B81)+1) | H81: =IF(OR(E81="",C81=""),"",IF(C81>=DATE(2019,5,1),"令和"&(YEAR(C81)-2018),IF(C81>=DATE(1989,1,8),"平成"&(YEAR(C81)-1988),"昭和"&(YEAR(C81)-1925)))&"年"&MONTH(C81)&"月")
A82: 7 | B82: 8 | C82: =IFERROR(INDEX(資格取込!$S$6:$S$205,MATCH(7&"_"&2,資格取込!$Z$6:$Z$205,0)),"") | D82: =IFERROR(INDEX(資格取込!$R$6:$R$205,MATCH(7&"_"&2,資格取込!$Z$6:$Z$205,0)),"") | E82: =IF(D82="","",IFERROR(INDEX(資格マスタ!$B:$B,MATCH(ASC(SUBSTITUTE(SUBSTITUTE(D82," ","")," ","")),資格マスタ!$D:$D,0)),D82)) | F82: =IF(E82="","",IF(C82="",DATE(9999,1,1),C82)) | G82: =IF(E82="","",COUNTIFS($F$75:$F$86,"<"&F82,$F$75:$F$86,"<>")+COUNTIFS($F$75:$F$86,F82,$B$75:$B$86,"<"&B82)+1) | H82: =IF(OR(E82="",C82=""),"",IF(C82>=DATE(2019,5,1),"令和"&(YEAR(C82)-2018),IF(C82>=DATE(1989,1,8),"平成"&(YEAR(C82)-1988),"昭和"&(YEAR(C82)-1925)))&"年"&MONTH(C82)&"月")
A83: 7 | B83: 9 | C83: =IFERROR(INDEX(資格取込!$S$6:$S$205,MATCH(7&"_"&3,資格取込!$Z$6:$Z$205,0)),"") | D83: =IFERROR(INDEX(資格取込!$R$6:$R$205,MATCH(7&"_"&3,資格取込!$Z$6:$Z$205,0)),"") | E83: =IF(D83="","",IFERROR(INDEX(資格マスタ!$B:$B,MATCH(ASC(SUBSTITUTE(SUBSTITUTE(D83," ","")," ","")),資格マスタ!$D:$D,0)),D83)) | F83: =IF(E83="","",IF(C83="",DATE(9999,1,1),C83)) | G83: =IF(E83="","",COUNTIFS($F$75:$F$86,"<"&F83,$F$75:$F$86,"<>")+COUNTIFS($F$75:$F$86,F83,$B$75:$B$86,"<"&B83)+1) | H83: =IF(OR(E83="",C83=""),"",IF(C83>=DATE(2019,5,1),"令和"&(YEAR(C83)-2018),IF(C83>=DATE(1989,1,8),"平成"&(YEAR(C83)-1988),"昭和"&(YEAR(C83)-1925)))&"年"&MONTH(C83)&"月")
A84: 7 | B84: 10 | C84: =IFERROR(INDEX(資格取込!$S$6:$S$205,MATCH(7&"_"&4,資格取込!$Z$6:$Z$205,0)),"") | D84: =IFERROR(INDEX(資格取込!$R$6:$R$205,MATCH(7&"_"&4,資格取込!$Z$6:$Z$205,0)),"") | E84: =IF(D84="","",IFERROR(INDEX(資格マスタ!$B:$B,MATCH(ASC(SUBSTITUTE(SUBSTITUTE(D84," ","")," ","")),資格マスタ!$D:$D,0)),D84)) | F84: =IF(E84="","",IF(C84="",DATE(9999,1,1),C84)) | G84: =IF(E84="","",COUNTIFS($F$75:$F$86,"<"&F84,$F$75:$F$86,"<>")+COUNTIFS($F$75:$F$86,F84,$B$75:$B$86,"<"&B84)+1) | H84: =IF(OR(E84="",C84=""),"",IF(C84>=DATE(2019,5,1),"令和"&(YEAR(C84)-2018),IF(C84>=DATE(1989,1,8),"平成"&(YEAR(C84)-1988),"昭和"&(YEAR(C84)-1925)))&"年"&MONTH(C84)&"月")
A85: 7 | B85: 11 | C85: =IFERROR(INDEX(資格取込!$S$6:$S$205,MATCH(7&"_"&5,資格取込!$Z$6:$Z$205,0)),"") | D85: =IFERROR(INDEX(資格取込!$R$6:$R$205,MATCH(7&"_"&5,資格取込!$Z$6:$Z$205,0)),"") | E85: =IF(D85="","",IFERROR(INDEX(資格マスタ!$B:$B,MATCH(ASC(SUBSTITUTE(SUBSTITUTE(D85," ","")," ","")),資格マスタ!$D:$D,0)),D85)) | F85: =IF(E85="","",IF(C85="",DATE(9999,1,1),C85)) | G85: =IF(E85="","",COUNTIFS($F$75:$F$86,"<"&F85,$F$75:$F$86,"<>")+COUNTIFS($F$75:$F$86,F85,$B$75:$B$86,"<"&B85)+1) | H85: =IF(OR(E85="",C85=""),"",IF(C85>=DATE(2019,5,1),"令和"&(YEAR(C85)-2018),IF(C85>=DATE(1989,1,8),"平成"&(YEAR(C85)-1988),"昭和"&(YEAR(C85)-1925)))&"年"&MONTH(C85)&"月")
A86: 7 | B86: 12 | C86: =IFERROR(INDEX(資格取込!$S$6:$S$205,MATCH(7&"_"&6,資格取込!$Z$6:$Z$205,0)),"") | D86: =IFERROR(INDEX(資格取込!$R$6:$R$205,MATCH(7&"_"&6,資格取込!$Z$6:$Z$205,0)),"") | E86: =IF(D86="","",IFERROR(INDEX(資格マスタ!$B:$B,MATCH(ASC(SUBSTITUTE(SUBSTITUTE(D86," ","")," ","")),資格マスタ!$D:$D,0)),D86)) | F86: =IF(E86="","",IF(C86="",DATE(9999,1,1),C86)) | G86: =IF(E86="","",COUNTIFS($F$75:$F$86,"<"&F86,$F$75:$F$86,"<>")+COUNTIFS($F$75:$F$86,F86,$B$75:$B$86,"<"&B86)+1) | H86: =IF(OR(E86="",C86=""),"",IF(C86>=DATE(2019,5,1),"令和"&(YEAR(C86)-2018),IF(C86>=DATE(1989,1,8),"平成"&(YEAR(C86)-1988),"昭和"&(YEAR(C86)-1925)))&"年"&MONTH(C86)&"月")
A87: 8 | B87: 1 | C87: =IFERROR(IF(ISNUMBER(入力!O12),入力!O12,DATEVALUE(入力!O12)),"") | D87: =IF(入力!N12="","",入力!N12) | E87: =IF(D87="","",IFERROR(INDEX(資格マスタ!$B:$B,MATCH(ASC(SUBSTITUTE(SUBSTITUTE(D87," ","")," ","")),資格マスタ!$D:$D,0)),D87)) | F87: =IF(E87="","",IF(C87="",DATE(9999,1,1),C87)) | G87: =IF(E87="","",COUNTIFS($F$87:$F$98,"<"&F87,$F$87:$F$98,"<>")+COUNTIFS($F$87:$F$98,F87,$B$87:$B$98,"<"&B87)+1) | H87: =IF(OR(E87="",C87=""),"",IF(C87>=DATE(2019,5,1),"令和"&(YEAR(C87)-2018),IF(C87>=DATE(1989,1,8),"平成"&(YEAR(C87)-1988),"昭和"&(YEAR(C87)-1925)))&"年"&MONTH(C87)&"月")
A88: 8 | B88: 2 | C88: =IFERROR(IF(ISNUMBER(入力!Q12),入力!Q12,DATEVALUE(入力!Q12)),"") | D88: =IF(入力!P12="","",入力!P12) | E88: =IF(D88="","",IFERROR(INDEX(資格マスタ!$B:$B,MATCH(ASC(SUBSTITUTE(SUBSTITUTE(D88," ","")," ","")),資格マスタ!$D:$D,0)),D88)) | F88: =IF(E88="","",IF(C88="",DATE(9999,1,1),C88)) | G88: =IF(E88="","",COUNTIFS($F$87:$F$98,"<"&F88,$F$87:$F$98,"<>")+COUNTIFS($F$87:$F$98,F88,$B$87:$B$98,"<"&B88)+1) | H88: =IF(OR(E88="",C88=""),"",IF(C88>=DATE(2019,5,1),"令和"&(YEAR(C88)-2018),IF(C88>=DATE(1989,1,8),"平成"&(YEAR(C88)-1988),"昭和"&(YEAR(C88)-1925)))&"年"&MONTH(C88)&"月")
A89: 8 | B89: 3 | C89: =IFERROR(IF(ISNUMBER(入力!S12),入力!S12,DATEVALUE(入力!S12)),"") | D89: =IF(入力!R12="","",入力!R12) | E89: =IF(D89="","",IFERROR(INDEX(資格マスタ!$B:$B,MATCH(ASC(SUBSTITUTE(SUBSTITUTE(D89," ","")," ","")),資格マスタ!$D:$D,0)),D89)) | F89: =IF(E89="","",IF(C89="",DATE(9999,1,1),C89)) | G89: =IF(E89="","",COUNTIFS($F$87:$F$98,"<"&F89,$F$87:$F$98,"<>")+COUNTIFS($F$87:$F$98,F89,$B$87:$B$98,"<"&B89)+1) | H89: =IF(OR(E89="",C89=""),"",IF(C89>=DATE(2019,5,1),"令和"&(YEAR(C89)-2018),IF(C89>=DATE(1989,1,8),"平成"&(YEAR(C89)-1988),"昭和"&(YEAR(C89)-1925)))&"年"&MONTH(C89)&"月")
A90: 8 | B90: 4 | C90: =IFERROR(IF(ISNUMBER(入力!U12),入力!U12,DATEVALUE(入力!U12)),"") | D90: =IF(入力!T12="","",入力!T12) | E90: =IF(D90="","",IFERROR(INDEX(資格マスタ!$B:$B,MATCH(ASC(SUBSTITUTE(SUBSTITUTE(D90," ","")," ","")),資格マスタ!$D:$D,0)),D90)) | F90: =IF(E90="","",IF(C90="",DATE(9999,1,1),C90)) | G90: =IF(E90="","",COUNTIFS($F$87:$F$98,"<"&F90,$F$87:$F$98,"<>")+COUNTIFS($F$87:$F$98,F90,$B$87:$B$98,"<"&B90)+1) | H90: =IF(OR(E90="",C90=""),"",IF(C90>=DATE(2019,5,1),"令和"&(YEAR(C90)-2018),IF(C90>=DATE(1989,1,8),"平成"&(YEAR(C90)-1988),"昭和"&(YEAR(C90)-1925)))&"年"&MONTH(C90)&"月")
A91: 8 | B91: 5 | C91: =IFERROR(IF(ISNUMBER(入力!W12),入力!W12,DATEVALUE(入力!W12)),"") | D91: =IF(入力!V12="","",入力!V12) | E91: =IF(D91="","",IFERROR(INDEX(資格マスタ!$B:$B,MATCH(ASC(SUBSTITUTE(SUBSTITUTE(D91," ","")," ","")),資格マスタ!$D:$D,0)),D91)) | F91: =IF(E91="","",IF(C91="",DATE(9999,1,1),C91)) | G91: =IF(E91="","",COUNTIFS($F$87:$F$98,"<"&F91,$F$87:$F$98,"<>")+COUNTIFS($F$87:$F$98,F91,$B$87:$B$98,"<"&B91)+1) | H91: =IF(OR(E91="",C91=""),"",IF(C91>=DATE(2019,5,1),"令和"&(YEAR(C91)-2018),IF(C91>=DATE(1989,1,8),"平成"&(YEAR(C91)-1988),"昭和"&(YEAR(C91)-1925)))&"年"&MONTH(C91)&"月")
A92: 8 | B92: 6 | C92: =IFERROR(IF(ISNUMBER(入力!Y12),入力!Y12,DATEVALUE(入力!Y12)),"") | D92: =IF(入力!X12="","",入力!X12) | E92: =IF(D92="","",IFERROR(INDEX(資格マスタ!$B:$B,MATCH(ASC(SUBSTITUTE(SUBSTITUTE(D92," ","")," ","")),資格マスタ!$D:$D,0)),D92)) | F92: =IF(E92="","",IF(C92="",DATE(9999,1,1),C92)) | G92: =IF(E92="","",COUNTIFS($F$87:$F$98,"<"&F92,$F$87:$F$98,"<>")+COUNTIFS($F$87:$F$98,F92,$B$87:$B$98,"<"&B92)+1) | H92: =IF(OR(E92="",C92=""),"",IF(C92>=DATE(2019,5,1),"令和"&(YEAR(C92)-2018),IF(C92>=DATE(1989,1,8),"平成"&(YEAR(C92)-1988),"昭和"&(YEAR(C92)-1925)))&"年"&MONTH(C92)&"月")
A93: 8 | B93: 7 | C93: =IFERROR(INDEX(資格取込!$S$6:$S$205,MATCH(8&"_"&1,資格取込!$Z$6:$Z$205,0)),"") | D93: =IFERROR(INDEX(資格取込!$R$6:$R$205,MATCH(8&"_"&1,資格取込!$Z$6:$Z$205,0)),"") | E93: =IF(D93="","",IFERROR(INDEX(資格マスタ!$B:$B,MATCH(ASC(SUBSTITUTE(SUBSTITUTE(D93," ","")," ","")),資格マスタ!$D:$D,0)),D93)) | F93: =IF(E93="","",IF(C93="",DATE(9999,1,1),C93)) | G93: =IF(E93="","",COUNTIFS($F$87:$F$98,"<"&F93,$F$87:$F$98,"<>")+COUNTIFS($F$87:$F$98,F93,$B$87:$B$98,"<"&B93)+1) | H93: =IF(OR(E93="",C93=""),"",IF(C93>=DATE(2019,5,1),"令和"&(YEAR(C93)-2018),IF(C93>=DATE(1989,1,8),"平成"&(YEAR(C93)-1988),"昭和"&(YEAR(C93)-1925)))&"年"&MONTH(C93)&"月")
A94: 8 | B94: 8 | C94: =IFERROR(INDEX(資格取込!$S$6:$S$205,MATCH(8&"_"&2,資格取込!$Z$6:$Z$205,0)),"") | D94: =IFERROR(INDEX(資格取込!$R$6:$R$205,MATCH(8&"_"&2,資格取込!$Z$6:$Z$205,0)),"") | E94: =IF(D94="","",IFERROR(INDEX(資格マスタ!$B:$B,MATCH(ASC(SUBSTITUTE(SUBSTITUTE(D94," ","")," ","")),資格マスタ!$D:$D,0)),D94)) | F94: =IF(E94="","",IF(C94="",DATE(9999,1,1),C94)) | G94: =IF(E94="","",COUNTIFS($F$87:$F$98,"<"&F94,$F$87:$F$98,"<>")+COUNTIFS($F$87:$F$98,F94,$B$87:$B$98,"<"&B94)+1) | H94: =IF(OR(E94="",C94=""),"",IF(C94>=DATE(2019,5,1),"令和"&(YEAR(C94)-2018),IF(C94>=DATE(1989,1,8),"平成"&(YEAR(C94)-1988),"昭和"&(YEAR(C94)-1925)))&"年"&MONTH(C94)&"月")
A95: 8 | B95: 9 | C95: =IFERROR(INDEX(資格取込!$S$6:$S$205,MATCH(8&"_"&3,資格取込!$Z$6:$Z$205,0)),"") | D95: =IFERROR(INDEX(資格取込!$R$6:$R$205,MATCH(8&"_"&3,資格取込!$Z$6:$Z$205,0)),"") | E95: =IF(D95="","",IFERROR(INDEX(資格マスタ!$B:$B,MATCH(ASC(SUBSTITUTE(SUBSTITUTE(D95," ","")," ","")),資格マスタ!$D:$D,0)),D95)) | F95: =IF(E95="","",IF(C95="",DATE(9999,1,1),C95)) | G95: =IF(E95="","",COUNTIFS($F$87:$F$98,"<"&F95,$F$87:$F$98,"<>")+COUNTIFS($F$87:$F$98,F95,$B$87:$B$98,"<"&B95)+1) | H95: =IF(OR(E95="",C95=""),"",IF(C95>=DATE(2019,5,1),"令和"&(YEAR(C95)-2018),IF(C95>=DATE(1989,1,8),"平成"&(YEAR(C95)-1988),"昭和"&(YEAR(C95)-1925)))&"年"&MONTH(C95)&"月")
A96: 8 | B96: 10 | C96: =IFERROR(INDEX(資格取込!$S$6:$S$205,MATCH(8&"_"&4,資格取込!$Z$6:$Z$205,0)),"") | D96: =IFERROR(INDEX(資格取込!$R$6:$R$205,MATCH(8&"_"&4,資格取込!$Z$6:$Z$205,0)),"") | E96: =IF(D96="","",IFERROR(INDEX(資格マスタ!$B:$B,MATCH(ASC(SUBSTITUTE(SUBSTITUTE(D96," ","")," ","")),資格マスタ!$D:$D,0)),D96)) | F96: =IF(E96="","",IF(C96="",DATE(9999,1,1),C96)) | G96: =IF(E96="","",COUNTIFS($F$87:$F$98,"<"&F96,$F$87:$F$98,"<>")+COUNTIFS($F$87:$F$98,F96,$B$87:$B$98,"<"&B96)+1) | H96: =IF(OR(E96="",C96=""),"",IF(C96>=DATE(2019,5,1),"令和"&(YEAR(C96)-2018),IF(C96>=DATE(1989,1,8),"平成"&(YEAR(C96)-1988),"昭和"&(YEAR(C96)-1925)))&"年"&MONTH(C96)&"月")
A97: 8 | B97: 11 | C97: =IFERROR(INDEX(資格取込!$S$6:$S$205,MATCH(8&"_"&5,資格取込!$Z$6:$Z$205,0)),"") | D97: =IFERROR(INDEX(資格取込!$R$6:$R$205,MATCH(8&"_"&5,資格取込!$Z$6:$Z$205,0)),"") | E97: =IF(D97="","",IFERROR(INDEX(資格マスタ!$B:$B,MATCH(ASC(SUBSTITUTE(SUBSTITUTE(D97," ","")," ","")),資格マスタ!$D:$D,0)),D97)) | F97: =IF(E97="","",IF(C97="",DATE(9999,1,1),C97)) | G97: =IF(E97="","",COUNTIFS($F$87:$F$98,"<"&F97,$F$87:$F$98,"<>")+COUNTIFS($F$87:$F$98,F97,$B$87:$B$98,"<"&B97)+1) | H97: =IF(OR(E97="",C97=""),"",IF(C97>=DATE(2019,5,1),"令和"&(YEAR(C97)-2018),IF(C97>=DATE(1989,1,8),"平成"&(YEAR(C97)-1988),"昭和"&(YEAR(C97)-1925)))&"年"&MONTH(C97)&"月")
A98: 8 | B98: 12 | C98: =IFERROR(INDEX(資格取込!$S$6:$S$205,MATCH(8&"_"&6,資格取込!$Z$6:$Z$205,0)),"") | D98: =IFERROR(INDEX(資格取込!$R$6:$R$205,MATCH(8&"_"&6,資格取込!$Z$6:$Z$205,0)),"") | E98: =IF(D98="","",IFERROR(INDEX(資格マスタ!$B:$B,MATCH(ASC(SUBSTITUTE(SUBSTITUTE(D98," ","")," ","")),資格マスタ!$D:$D,0)),D98)) | F98: =IF(E98="","",IF(C98="",DATE(9999,1,1),C98)) | G98: =IF(E98="","",COUNTIFS($F$87:$F$98,"<"&F98,$F$87:$F$98,"<>")+COUNTIFS($F$87:$F$98,F98,$B$87:$B$98,"<"&B98)+1) | H98: =IF(OR(E98="",C98=""),"",IF(C98>=DATE(2019,5,1),"令和"&(YEAR(C98)-2018),IF(C98>=DATE(1989,1,8),"平成"&(YEAR(C98)-1988),"昭和"&(YEAR(C98)-1925)))&"年"&MONTH(C98)&"月")
A99: 9 | B99: 1 | C99: =IFERROR(IF(ISNUMBER(入力!O13),入力!O13,DATEVALUE(入力!O13)),"") | D99: =IF(入力!N13="","",入力!N13) | E99: =IF(D99="","",IFERROR(INDEX(資格マスタ!$B:$B,MATCH(ASC(SUBSTITUTE(SUBSTITUTE(D99," ","")," ","")),資格マスタ!$D:$D,0)),D99)) | F99: =IF(E99="","",IF(C99="",DATE(9999,1,1),C99)) | G99: =IF(E99="","",COUNTIFS($F$99:$F$110,"<"&F99,$F$99:$F$110,"<>")+COUNTIFS($F$99:$F$110,F99,$B$99:$B$110,"<"&B99)+1) | H99: =IF(OR(E99="",C99=""),"",IF(C99>=DATE(2019,5,1),"令和"&(YEAR(C99)-2018),IF(C99>=DATE(1989,1,8),"平成"&(YEAR(C99)-1988),"昭和"&(YEAR(C99)-1925)))&"年"&MONTH(C99)&"月")
A100: 9 | B100: 2 | C100: =IFERROR(IF(ISNUMBER(入力!Q13),入力!Q13,DATEVALUE(入力!Q13)),"") | D100: =IF(入力!P13="","",入力!P13) | E100: =IF(D100="","",IFERROR(INDEX(資格マスタ!$B:$B,MATCH(ASC(SUBSTITUTE(SUBSTITUTE(D100," ","")," ","")),資格マスタ!$D:$D,0)),D100)) | F100: =IF(E100="","",IF(C100="",DATE(9999,1,1),C100)) | G100: =IF(E100="","",COUNTIFS($F$99:$F$110,"<"&F100,$F$99:$F$110,"<>")+COUNTIFS($F$99:$F$110,F100,$B$99:$B$110,"<"&B100)+1) | H100: =IF(OR(E100="",C100=""),"",IF(C100>=DATE(2019,5,1),"令和"&(YEAR(C100)-2018),IF(C100>=DATE(1989,1,8),"平成"&(YEAR(C100)-1988),"昭和"&(YEAR(C100)-1925)))&"年"&MONTH(C100)&"月")
...

Sheet 計算
A1: 計算（自動・さわらないでください）
A2: No | B2: 氏名 | C2: ふりがな | D2: 生年(和暦) | E2: 生月 | F2: 生日 | G2: 満年齢 | H2: 郵便番号 | I2: 住所 | J2: 住所ふりがな | K2: 連絡先〒 | L2: 連絡先 | M2: 連絡先ふりがな | N2: 在籍校 | O2: 資格1年月 | P2: 資格1名称 | Q2: 資格2年月 | R2: 資格2名称 | S2: 資格3年月 | T2: 資格3名称 | U2: 資格4年月 | V2: 資格4名称 | W2: 資格5年月 | X2: 資格5名称 | Y2: 諸活動 | Z2: 志望の動機など | AA2: 備考 | AB2: 職歴1年 | AC2: 職歴1月 | AD2: 職歴1内容 | AE2: 職歴2年 | AF2: 職歴2月 | AG2: 職歴2内容
A3: 1 | B3: =IF(入力!$D$5="","",IF(OR(反映項目!$B$4="×",入力!$D$5=""),"",入力!$D$5)) | C3: =IF(入力!$D$5="","",IF(OR(反映項目!$B$5="×",入力!$E$5=""),"",入力!$E$5)) | D3: =IF(入力!$D$5="","",IF(OR(反映項目!$B$6="×",N($AJ$3)=0),"",YEAR($AJ$3)-IF($AJ$3>=DATE(2019,5,1),2018,IF($AJ$3>=DATE(1989,1,8),1988,1925)))) | E3: =IF(入力!$D$5="","",IF(OR(反映項目!$B$6="×",N($AJ$3)=0),"",MONTH($AJ$3))) | F3: =IF(入力!$D$5="","",IF(OR(反映項目!$B$6="×",N($AJ$3)=0),"",DAY($AJ$3))) | G3: =IF(入力!$D$5="","",IF(OR(反映項目!$B$6="×",OR(N($AJ$3)=0,N(設定!$B$3)=0)),"",DATEDIF($AJ$3,設定!$B$3,"Y"))) | H3: =IF(入力!$D$5="","",IF(OR(反映項目!$B$7="×",入力!$G$5=""),"",IFERROR(TEXT(VALUE(SUBSTITUTE(入力!$G$5,"-","")),"000-0000"),入力!$G$5))) | I3: =IF(入力!$D$5="","",IF(OR(反映項目!$B$8="×",入力!$H$5=""),"",入力!$H$5)) | J3: =IF(入力!$D$5="","",IF(反映項目!$B$9="×","",IF(入力!$I$5<>"",入力!$I$5,IF(入力!$G$5="","",IFERROR(VLOOKUP(TEXT(VALUE(SUBSTITUTE(入力!$G$5,"-","")),"0000000"),郵便番号!$A:$C,3,FALSE),""))))) | K3: =IF(入力!$D$5="","",IF(OR(反映項目!$B$10="×",入力!$K$5=""),"",IFERROR(TEXT(VALUE(SUBSTITUTE(入力!$K$5,"-","")),"000-0000"),入力!$K$5))) | L3: =IF(入力!$D$5="","",IF(反映項目!$B$10="×","",IF(AND(入力!$K$5="",入力!$L$5=""),"同上",IF(入力!$L$5="","",入力!$L$5)))) | M3: =IF(入力!$D$5="","",IF(OR(反映項目!$B$10="×",入力!$M$5="",AND(入力!$K$5="",入力!$L$5="")),"",入力!$M$5)) | N3: =IF(入力!$D$5="","",設定!$B$4&CHAR(10)&IF(入力!$J$5="",設定!$B$5,入力!$J$5)) | O3: =IF(入力!$D$5="","",IF(反映項目!$B$11="×","",IFERROR(INDEX(資格集約!$H$3:$H$14,MATCH(1,資格集約!$G$3:$G$14,0)),""))) | P3: =IF(入力!$D$5="","",IF(反映項目!$B$11="×","",IFERROR(INDEX(資格集約!$E$3:$E$14,MATCH(1,資格集約!$G$3:$G$14,0)),""))) | Q3: =IF(入力!$D$5="","",IF(反映項目!$B$11="×","",IFERROR(INDEX(資格集約!$H$3:$H$14,MATCH(2,資格集約!$G$3:$G$14,0)),""))) | R3: =IF(入力!$D$5="","",IF(反映項目!$B$11="×","",IFERROR(INDEX(資格集約!$E$3:$E$14,MATCH(2,資格集約!$G$3:$G$14,0)),""))) | S3: =IF(入力!$D$5="","",IF(反映項目!$B$11="×","",IFERROR(INDEX(資格集約!$H$3:$H$14,MATCH(3,資格集約!$G$3:$G$14,0)),""))) | T3: =IF(入力!$D$5="","",IF(反映項目!$B$11="×","",IFERROR(INDEX(資格集約!$E$3:$E$14,MATCH(3,資格集約!$G$3:$G$14,0)),""))) | U3: =IF(入力!$D$5="","",IF(反映項目!$B$11="×","",IFERROR(INDEX(資格集約!$H$3:$H$14,MATCH(4,資格集約!$G$3:$G$14,0)),""))) | V3: =IF(入力!$D$5="","",IF(反映項目!$B$11="×","",IFERROR(INDEX(資格集約!$E$3:$E$14,MATCH(4,資格集約!$G$3:$G$14,0)),""))) | W3: =IF(入力!$D$5="","",IF(反映項目!$B$11="×","",IFERROR(INDEX(資格集約!$H$3:$H$14,MATCH(5,資格集約!$G$3:$G$14,0)),""))) | X3: =IF(入力!$D$5="","",IF(反映項目!$B$11="×","",IFERROR(INDEX(資格集約!$E$3:$E$14,MATCH(5,資格集約!$G$3:$G$14,0)),""))) | Y3: =IF(入力!$D$5="","",IF(OR(反映項目!$B$12="×",入力!$Z$5=""),"",入力!$Z$5)) | Z3: =IF(入力!$D$5="","",IF(反映項目!$B$13="×","",IF(入力!$AA$5="","",入力!$AA$5&CHAR(10)))&IF(反映項目!$B$14="×","",IF(入力!$AB$5="","",入力!$AB$5&CHAR(10)))&IF(反映項目!$B$15="×","",IF(入力!$AC$5="","",入力!$AC$5))) | AA3: =IF(入力!$D$5="","",IF(OR(反映項目!$B$17="×",入力!$AH$5=""),"",入力!$AH$5)) | AB3: =IF(入力!$D$5="","",IF(OR(反映項目!$B$16="×",N($AK$3)=0),"",YEAR($AK$3)-IF($AK$3>=DATE(2019,5,1),2018,1988))) | AC3: =IF(入力!$D$5="","",IF(OR(反映項目!$B$16="×",N($AK$3)=0),"",MONTH($AK$3))) | AD3: =IF(入力!$D$5="","",IF(OR(反映項目!$B$16="×",入力!$AE$5=""),"",入力!$AE$5)) | AE3: =IF(入力!$D$5="","",IF(OR(反映項目!$B$16="×",N($AL$3)=0),"",YEAR($AL$3)-IF($AL$3>=DATE(2019,5,1),2018,1988))) | AF3: =IF(入力!$D$5="","",IF(OR(反映項目!$B$16="×",N($AL$3)=0),"",MONTH($AL$3))) | AG3: =IF(入力!$D$5="","",IF(OR(反映項目!$B$16="×",入力!$AG$5=""),"",入力!$AG$5)) | AJ3: =IF(入力!$D$5="","",IFERROR(IF(ISNUMBER(入力!$F$5),入力!$F$5,DATEVALUE(入力!$F$5)),"")) | AK3: =IF(入力!$D$5="","",IFERROR(IF(ISNUMBER(入力!$AD$5),入力!$AD$5,DATEVALUE(入力!$AD$5)),"")) | AL3: =IF(入力!$D$5="","",IFERROR(IF(ISNUMBER(入力!$AF$5),入力!$AF$5,DATEVALUE(入力!$AF$5)),""))
A4: 2 | B4: =IF(入力!$D$6="","",IF(OR(反映項目!$B$4="×",入力!$D$6=""),"",入力!$D$6)) | C4: =IF(入力!$D$6="","",IF(OR(反映項目!$B$5="×",入力!$E$6=""),"",入力!$E$6)) | D4: =IF(入力!$D$6="","",IF(OR(反映項目!$B$6="×",N($AJ$4)=0),"",YEAR($AJ$4)-IF($AJ$4>=DATE(2019,5,1),2018,IF($AJ$4>=DATE(1989,1,8),1988,1925)))) | E4: =IF(入力!$D$6="","",IF(OR(反映項目!$B$6="×",N($AJ$4)=0),"",MONTH($AJ$4))) | F4: =IF(入力!$D$6="","",IF(OR(反映項目!$B$6="×",N($AJ$4)=0),"",DAY($AJ$4))) | G4: =IF(入力!$D$6="","",IF(OR(反映項目!$B$6="×",OR(N($AJ$4)=0,N(設定!$B$3)=0)),"",DATEDIF($AJ$4,設定!$B$3,"Y"))) | H4: =IF(入力!$D$6="","",IF(OR(反映項目!$B$7="×",入力!$G$6=""),"",IFERROR(TEXT(VALUE(SUBSTITUTE(入力!$G$6,"-","")),"000-0000"),入力!$G$6))) | I4: =IF(入力!$D$6="","",IF(OR(反映項目!$B$8="×",入力!$H$6=""),"",入力!$H$6)) | J4: =IF(入力!$D$6="","",IF(反映項目!$B$9="×","",IF(入力!$I$6<>"",入力!$I$6,IF(入力!$G$6="","",IFERROR(VLOOKUP(TEXT(VALUE(SUBSTITUTE(入力!$G$6,"-","")),"0000000"),郵便番号!$A:$C,3,FALSE),""))))) | K4: =IF(入力!$D$6="","",IF(OR(反映項目!$B$10="×",入力!$K$6=""),"",IFERROR(TEXT(VALUE(SUBSTITUTE(入力!$K$6,"-","")),"000-0000"),入力!$K$6))) | L4: =IF(入力!$D$6="","",IF(反映項目!$B$10="×","",IF(AND(入力!$K$6="",入力!$L$6=""),"同上",IF(入力!$L$6="","",入力!$L$6)))) | M4: =IF(入力!$D$6="","",IF(OR(反映項目!$B$10="×",入力!$M$6="",AND(入力!$K$6="",入力!$L$6="")),"",入力!$M$6)) | N4: =IF(入力!$D$6="","",設定!$B$4&CHAR(10)&IF(入力!$J$6="",設定!$B$5,入力!$J$6)) | O4: =IF(入力!$D$6="","",IF(反映項目!$B$11="×","",IFERROR(INDEX(資格集約!$H$15:$H$26,MATCH(1,資格集約!$G$15:$G$26,0)),""))) | P4: =IF(入力!$D$6="","",IF(反映項目!$B$11="×","",IFERROR(INDEX(資格集約!$E$15:$E$26,MATCH(1,資格集約!$G$15:$G$26,0)),""))) | Q4: =IF(入力!$D$6="","",IF(反映項目!$B$11="×","",IFERROR(INDEX(資格集約!$H$15:$H$26,MATCH(2,資格集約!$G$15:$G$26,0)),""))) | R4: =IF(入力!$D$6="","",IF(反映項目!$B$11="×","",IFERROR(INDEX(資格集約!$E$15:$E$26,MATCH(2,資格集約!$G$15:$G$26,0)),""))) | S4: =IF(入力!$D$6="","",IF(反映項目!$B$11="×","",IFERROR(INDEX(資格集約!$H$15:$H$26,MATCH(3,資格集約!$G$15:$G$26,0)),""))) | T4: =IF(入力!$D$6="","",IF(反映項目!$B$11="×","",IFERROR(INDEX(資格集約!$E$15:$E$26,MATCH(3,資格集約!$G$15:$G$26,0)),""))) | U4: =IF(入力!$D$6="","",IF(反映項目!$B$11="×","",IFERROR(INDEX(資格集約!$H$15:$H$26,MATCH(4,資格集約!$G$15:$G$26,0)),""))) | V4: =IF(入力!$D$6="","",IF(反映項目!$B$11="×","",IFERROR(INDEX(資格集約!$E$15:$E$26,MATCH(4,資格集約!$G$15:$G$26,0)),""))) | W4: =IF(入力!$D$6="","",IF(反映項目!$B$11="×","",IFERROR(INDEX(資格集約!$H$15:$H$26,MATCH(5,資格集約!$G$15:$G$26,0)),""))) | X4: =IF(入力!$D$6="","",IF(反映項目!$B$11="×","",IFERROR(INDEX(資格集約!$E$15:$E$26,MATCH(5,資格集約!$G$15:$G$26,0)),""))) | Y4: =IF(入力!$D$6="","",IF(OR(反映項目!$B$12="×",入力!$Z$6=""),"",入力!$Z$6)) | Z4: =IF(入力!$D$6="","",IF(反映項目!$B$13="×","",IF(入力!$AA$6="","",入力!$AA$6&CHAR(10)))&IF(反映項目!$B$14="×","",IF(入力!$AB$6="","",入力!$AB$6&CHAR(10)))&IF(反映項目!$B$15="×","",IF(入力!$AC$6="","",入力!$AC$6))) | AA4: =IF(入力!$D$6="","",IF(OR(反映項目!$B$17="×",入力!$AH$6=""),"",入力!$AH$6)) | AB4: =IF(入力!$D$6="","",IF(OR(反映項目!$B$16="×",N($AK$4)=0),"",YEAR($AK$4)-IF($AK$4>=DATE(2019,5,1),2018,1988))) | AC4: =IF(入力!$D$6="","",IF(OR(反映項目!$B$16="×",N($AK$4)=0),"",MONTH($AK$4))) | AD4: =IF(入力!$D$6="","",IF(OR(反映項目!$B$16="×",入力!$AE$6=""),"",入力!$AE$6)) | AE4: =IF(入力!$D$6="","",IF(OR(反映項目!$B$16="×",N($AL$4)=0),"",YEAR($AL$4)-IF($AL$4>=DATE(2019,5,1),2018,1988))) | AF4: =IF(入力!$D$6="","",IF(OR(反映項目!$B$16="×",N($AL$4)=0),"",MONTH($AL$4))) | AG4: =IF(入力!$D$6="","",IF(OR(反映項目!$B$16="×",入力!$AG$6=""),"",入力!$AG$6)) | AJ4: =IF(入力!$D$6="","",IFERROR(IF(ISNUMBER(入力!$F$6),入力!$F$6,DATEVALUE(入力!$F$6)),"")) | AK4: =IF(入力!$D$6="","",IFERROR(IF(ISNUMBER(入力!$AD$6),入力!$AD$6,DATEVALUE(入力!$AD$6)),"")) | AL4: =IF(入力!$D$6="","",IFERROR(IF(ISNUMBER(入力!$AF$6),入力!$AF$6,DATEVALUE(入力!$AF$6)),""))
A5: 3 | B5: =IF(入力!$D$7="","",IF(OR(反映項目!$B$4="×",入力!$D$7=""),"",入力!$D$7)) | C5: =IF(入力!$D$7="","",IF(OR(反映項目!$B$5="×",入力!$E$7=""),"",入力!$E$7)) | D5: =IF(入力!$D$7="","",IF(OR(反映項目!$B$6="×",N($AJ$5)=0),"",YEAR($AJ$5)-IF($AJ$5>=DATE(2019,5,1),2018,IF($AJ$5>=DATE(1989,1,8),1988,1925)))) | E5: =IF(入力!$D$7="","",IF(OR(反映項目!$B$6="×",N($AJ$5)=0),"",MONTH($AJ$5))) | F5: =IF(入力!$D$7="","",IF(OR(反映項目!$B$6="×",N($AJ$5)=0),"",DAY($AJ$5))) | G5: =IF(入力!$D$7="","",IF(OR(反映項目!$B$6="×",OR(N($AJ$5)=0,N(設定!$B$3)=0)),"",DATEDIF($AJ$5,設定!$B$3,"Y"))) | H5: =IF(入力!$D$7="","",IF(OR(反映項目!$B$7="×",入力!$G$7=""),"",IFERROR(TEXT(VALUE(SUBSTITUTE(入力!$G$7,"-","")),"000-0000"),入力!$G$7))) | I5: =IF(入力!$D$7="","",IF(OR(反映項目!$B$8="×",入力!$H$7=""),"",入力!$H$7)) | J5: =IF(入力!$D$7="","",IF(反映項目!$B$9="×","",IF(入力!$I$7<>"",入力!$I$7,IF(入力!$G$7="","",IFERROR(VLOOKUP(TEXT(VALUE(SUBSTITUTE(入力!$G$7,"-","")),"0000000"),郵便番号!$A:$C,3,FALSE),""))))) | K5: =IF(入力!$D$7="","",IF(OR(反映項目!$B$10="×",入力!$K$7=""),"",IFERROR(TEXT(VALUE(SUBSTITUTE(入力!$K$7,"-","")),"000-0000"),入力!$K$7))) | L5: =IF(入力!$D$7="","",IF(反映項目!$B$10="×","",IF(AND(入力!$K$7="",入力!$L$7=""),"同上",IF(入力!$L$7="","",入力!$L$7)))) | M5: =IF(入力!$D$7="","",IF(OR(反映項目!$B$10="×",入力!$M$7="",AND(入力!$K$7="",入力!$L$7="")),"",入力!$M$7)) | N5: =IF(入力!$D$7="","",設定!$B$4&CHAR(10)&IF(入力!$J$7="",設定!$B$5,入力!$J$7)) | O5: =IF(入力!$D$7="","",IF(反映項目!$B$11="×","",IFERROR(INDEX(資格集約!$H$27:$H$38,MATCH(1,資格集約!$G$27:$G$38,0)),""))) | P5: =IF(入力!$D$7="","",IF(反映項目!$B$11="×","",IFERROR(INDEX(資格集約!$E$27:$E$38,MATCH(1,資格集約!$G$27:$G$38,0)),""))) | Q5: =IF(入力!$D$7="","",IF(反映項目!$B$11="×","",IFERROR(INDEX(資格集約!$H$27:$H$38,MATCH(2,資格集約!$G$27:$G$38,0)),""))) | R5: =IF(入力!$D$7="","",IF(反映項目!$B$11="×","",IFERROR(INDEX(資格集約!$E$27:$E$38,MATCH(2,資格集約!$G$27:$G$38,0)),""))) | S5: =IF(入力!$D$7="","",IF(反映項目!$B$11="×","",IFERROR(INDEX(資格集約!$H$27:$H$38,MATCH(3,資格集約!$G$27:$G$38,0)),""))) | T5: =IF(入力!$D$7="","",IF(反映項目!$B$11="×","",IFERROR(INDEX(資格集約!$E$27:$E$38,MATCH(3,資格集約!$G$27:$G$38,0)),""))) | U5: =IF(入力!$D$7="","",IF(反映項目!$B$11="×","",IFERROR(INDEX(資格集約!$H$27:$H$38,MATCH(4,資格集約!$G$27:$G$38,0)),""))) | V5: =IF(入力!$D$7="","",IF(反映項目!$B$11="×","",IFERROR(INDEX(資格集約!$E$27:$E$38,MATCH(4,資格集約!$G$27:$G$38,0)),""))) | W5: =IF(入力!$D$7="","",IF(反映項目!$B$11="×","",IFERROR(INDEX(資格集約!$H$27:$H$38,MATCH(5,資格集約!$G$27:$G$38,0)),""))) | X5: =IF(入力!$D$7="","",IF(反映項目!$B$11="×","",IFERROR(INDEX(資格集約!$E$27:$E$38,MATCH(5,資格集約!$G$27:$G$38,0)),""))) | Y5: =IF(入力!$D$7="","",IF(OR(反映項目!$B$12="×",入力!$Z$7=""),"",入力!$Z$7)) | Z5: =IF(入力!$D$7="","",IF(反映項目!$B$13="×","",IF(入力!$AA$7="","",入力!$AA$7&CHAR(10)))&IF(反映項目!$B$14="×","",IF(入力!$AB$7="","",入力!$AB$7&CHAR(10)))&IF(反映項目!$B$15="×","",IF(入力!$AC$7="","",入力!$AC$7))) | AA5: =IF(入力!$D$7="","",IF(OR(反映項目!$B$17="×",入力!$AH$7=""),"",入力!$AH$7)) | AB5: =IF(入力!$D$7="","",IF(OR(反映項目!$B$16="×",N($AK$5)=0),"",YEAR($AK$5)-IF($AK$5>=DATE(2019,5,1),2018,1988))) | AC5: =IF(入力!$D$7="","",IF(OR(反映項目!$B$16="×",N($AK$5)=0),"",MONTH($AK$5))) | AD5: =IF(入力!$D$7="","",IF(OR(反映項目!$B$16="×",入力!$AE$7=""),"",入力!$AE$7)) | AE5: =IF(入力!$D$7="","",IF(OR(反映項目!$B$16="×",N($AL$5)=0),"",YEAR($AL$5)-IF($AL$5>=DATE(2019,5,1),2018,1988))) | AF5: =IF(入力!$D$7="","",IF(OR(反映項目!$B$16="×",N($AL$5)=0),"",MONTH($AL$5))) | AG5: =IF(入力!$D$7="","",IF(OR(反映項目!$B$16="×",入力!$AG$7=""),"",入力!$AG$7)) | AJ5: =IF(入力!$D$7="","",IFERROR(IF(ISNUMBER(入力!$F$7),入力!$F$7,DATEVALUE(入力!$F$7)),"")) | AK5: =IF(入力!$D$7="","",IFERROR(IF(ISNUMBER(入力!$AD$7),入力!$AD$7,DATEVALUE(入力!$AD$7)),"")) | AL5: =IF(入力!$D$7="","",IFERROR(IF(ISNUMBER(入力!$AF$7),入力!$AF$7,DATEVALUE(入力!$AF$7)),""))
A6: 4 | B6: =IF(入力!$D$8="","",IF(OR(反映項目!$B$4="×",入力!$D$8=""),"",入力!$D$8)) | C6: =IF(入力!$D$8="","",IF(OR(反映項目!$B$5="×",入力!$E$8=""),"",入力!$E$8)) | D6: =IF(入力!$D$8="","",IF(OR(反映項目!$B$6="×",N($AJ$6)=0),"",YEAR($AJ$6)-IF($AJ$6>=DATE(2019,5,1),2018,IF($AJ$6>=DATE(1989,1,8),1988,1925)))) | E6: =IF(入力!$D$8="","",IF(OR(反映項目!$B$6="×",N($AJ$6)=0),"",MONTH($AJ$6))) | F6: =IF(入力!$D$8="","",IF(OR(反映項目!$B$6="×",N($AJ$6)=0),"",DAY($AJ$6))) | G6: =IF(入力!$D$8="","",IF(OR(反映項目!$B$6="×",OR(N($AJ$6)=0,N(設定!$B$3)=0)),"",DATEDIF($AJ$6,設定!$B$3,"Y"))) | H6: =IF(入力!$D$8="","",IF(OR(反映項目!$B$7="×",入力!$G$8=""),"",IFERROR(TEXT(VALUE(SUBSTITUTE(入力!$G$8,"-","")),"000-0000"),入力!$G$8))) | I6: =IF(入力!$D$8="","",IF(OR(反映項目!$B$8="×",入力!$H$8=""),"",入力!$H$8)) | J6: =IF(入力!$D$8="","",IF(反映項目!$B$9="×","",IF(入力!$I$8<>"",入力!$I$8,IF(入力!$G$8="","",IFERROR(VLOOKUP(TEXT(VALUE(SUBSTITUTE(入力!$G$8,"-","")),"0000000"),郵便番号!$A:$C,3,FALSE),""))))) | K6: =IF(入力!$D$8="","",IF(OR(反映項目!$B$10="×",入力!$K$8=""),"",IFERROR(TEXT(VALUE(SUBSTITUTE(入力!$K$8,"-","")),"000-0000"),入力!$K$8))) | L6: =IF(入力!$D$8="","",IF(反映項目!$B$10="×","",IF(AND(入力!$K$8="",入力!$L$8=""),"同上",IF(入力!$L$8="","",入力!$L$8)))) | M6: =IF(入力!$D$8="","",IF(OR(反映項目!$B$10="×",入力!$M$8="",AND(入力!$K$8="",入力!$L$8="")),"",入力!$M$8)) | N6: =IF(入力!$D$8="","",設定!$B$4&CHAR(10)&IF(入力!$J$8="",設定!$B$5,入力!$J$8)) | O6: =IF(入力!$D$8="","",IF(反映項目!$B$11="×","",IFERROR(INDEX(資格集約!$H$39:$H$50,MATCH(1,資格集約!$G$39:$G$50,0)),""))) | P6: =IF(入力!$D$8="","",IF(反映項目!$B$11="×","",IFERROR(INDEX(資格集約!$E$39:$E$50,MATCH(1,資格集約!$G$39:$G$50,0)),""))) | Q6: =IF(入力!$D$8="","",IF(反映項目!$B$11="×","",IFERROR(INDEX(資格集約!$H$39:$H$50,MATCH(2,資格集約!$G$39:$G$50,0)),""))) | R6: =IF(入力!$D$8="","",IF(反映項目!$B$11="×","",IFERROR(INDEX(資格集約!$E$39:$E$50,MATCH(2,資格集約!$G$39:$G$50,0)),""))) | S6: =IF(入力!$D$8="","",IF(反映項目!$B$11="×","",IFERROR(INDEX(資格集約!$H$39:$H$50,MATCH(3,資格集約!$G$39:$G$50,0)),""))) | T6: =IF(入力!$D$8="","",IF(反映項目!$B$11="×","",IFERROR(INDEX(資格集約!$E$39:$E$50,MATCH(3,資格集約!$G$39:$G$50,0)),""))) | U6: =IF(入力!$D$8="","",IF(反映項目!$B$11="×","",IFERROR(INDEX(資格集約!$H$39:$H$50,MATCH(4,資格集約!$G$39:$G$50,0)),""))) | V6: =IF(入力!$D$8="","",IF(反映項目!$B$11="×","",IFERROR(INDEX(資格集約!$E$39:$E$50,MATCH(4,資格集約!$G$39:$G$50,0)),""))) | W6: =IF(入力!$D$8="","",IF(反映項目!$B$11="×","",IFERROR(INDEX(資格集約!$H$39:$H$50,MATCH(5,資格集約!$G$39:$G$50,0)),""))) | X6: =IF(入力!$D$8="","",IF(反映項目!$B$11="×","",IFERROR(INDEX(資格集約!$E$39:$E$50,MATCH(5,資格集約!$G$39:$G$50,0)),""))) | Y6: =IF(入力!$D$8="","",IF(OR(反映項目!$B$12="×",入力!$Z$8=""),"",入力!$Z$8)) | Z6: =IF(入力!$D$8="","",IF(反映項目!$B$13="×","",IF(入力!$AA$8="","",入力!$AA$8&CHAR(10)))&IF(反映項目!$B$14="×","",IF(入力!$AB$8="","",入力!$AB$8&CHAR(10)))&IF(反映項目!$B$15="×","",IF(入力!$AC$8="","",入力!$AC$8))) | AA6: =IF(入力!$D$8="","",IF(OR(反映項目!$B$17="×",入力!$AH$8=""),"",入力!$AH$8)) | AB6: =IF(入力!$D$8="","",IF(OR(反映項目!$B$16="×",N($AK$6)=0),"",YEAR($AK$6)-IF($AK$6>=DATE(2019,5,1),2018,1988))) | AC6: =IF(入力!$D$8="","",IF(OR(反映項目!$B$16="×",N($AK$6)=0),"",MONTH($AK$6))) | AD6: =IF(入力!$D$8="","",IF(OR(反映項目!$B$16="×",入力!$AE$8=""),"",入力!$AE$8)) | AE6: =IF(入力!$D$8="","",IF(OR(反映項目!$B$16="×",N($AL$6)=0),"",YEAR($AL$6)-IF($AL$6>=DATE(2019,5,1),2018,1988))) | AF6: =IF(入力!$D$8="","",IF(OR(反映項目!$B$16="×",N($AL$6)=0),"",MONTH($AL$6))) | AG6: =IF(入力!$D$8="","",IF(OR(反映項目!$B$16="×",入力!$AG$8=""),"",入力!$AG$8)) | AJ6: =IF(入力!$D$8="","",IFERROR(IF(ISNUMBER(入力!$F$8),入力!$F$8,DATEVALUE(入力!$F$8)),"")) | AK6: =IF(入力!$D$8="","",IFERROR(IF(ISNUMBER(入力!$AD$8),入力!$AD$8,DATEVALUE(入力!$AD$8)),"")) | AL6: =IF(入力!$D$8="","",IFERROR(IF(ISNUMBER(入力!$AF$8),入力!$AF$8,DATEVALUE(入力!$AF$8)),""))
A7: 5 | B7: =IF(入力!$D$9="","",IF(OR(反映項目!$B$4="×",入力!$D$9=""),"",入力!$D$9)) | C7: =IF(入力!$D$9="","",IF(OR(反映項目!$B$5="×",入力!$E$9=""),"",入力!$E$9)) | D7: =IF(入力!$D$9="","",IF(OR(反映項目!$B$6="×",N($AJ$7)=0),"",YEAR($AJ$7)-IF($AJ$7>=DATE(2019,5,1),2018,IF($AJ$7>=DATE(1989,1,8),1988,1925)))) | E7: =IF(入力!$D$9="","",IF(OR(反映項目!$B$6="×",N($AJ$7)=0),"",MONTH($AJ$7))) | F7: =IF(入力!$D$9="","",IF(OR(反映項目!$B$6="×",N($AJ$7)=0),"",DAY($AJ$7))) | G7: =IF(入力!$D$9="","",IF(OR(反映項目!$B$6="×",OR(N($AJ$7)=0,N(設定!$B$3)=0)),"",DATEDIF($AJ$7,設定!$B$3,"Y"))) | H7: =IF(入力!$D$9="","",IF(OR(反映項目!$B$7="×",入力!$G$9=""),"",IFERROR(TEXT(VALUE(SUBSTITUTE(入力!$G$9,"-","")),"000-0000"),入力!$G$9))) | I7: =IF(入力!$D$9="","",IF(OR(反映項目!$B$8="×",入力!$H$9=""),"",入力!$H$9)) | J7: =IF(入力!$D$9="","",IF(反映項目!$B$9="×","",IF(入力!$I$9<>"",入力!$I$9,IF(入力!$G$9="","",IFERROR(VLOOKUP(TEXT(VALUE(SUBSTITUTE(入力!$G$9,"-","")),"0000000"),郵便番号!$A:$C,3,FALSE),""))))) | K7: =IF(入力!$D$9="","",IF(OR(反映項目!$B$10="×",入力!$K$9=""),"",IFERROR(TEXT(VALUE(SUBSTITUTE(入力!$K$9,"-","")),"000-0000"),入力!$K$9))) | L7: =IF(入力!$D$9="","",IF(反映項目!$B$10="×","",IF(AND(入力!$K$9="",入力!$L$9=""),"同上",IF(入力!$L$9="","",入力!$L$9)))) | M7: =IF(入力!$D$9="","",IF(OR(反映項目!$B$10="×",入力!$M$9="",AND(入力!$K$9="",入力!$L$9="")),"",入力!$M$9)) | N7: =IF(入力!$D$9="","",設定!$B$4&CHAR(10)&IF(入力!$J$9="",設定!$B$5,入力!$J$9)) | O7: =IF(入力!$D$9="","",IF(反映項目!$B$11="×","",IFERROR(INDEX(資格集約!$H$51:$H$62,MATCH(1,資格集約!$G$51:$G$62,0)),""))) | P7: =IF(入力!$D$9="","",IF(反映項目!$B$11="×","",IFERROR(INDEX(資格集約!$E$51:$E$62,MATCH(1,資格集約!$G$51:$G$62,0)),""))) | Q7: =IF(入力!$D$9="","",IF(反映項目!$B$11="×","",IFERROR(INDEX(資格集約!$H$51:$H$62,MATCH(2,資格集約!$G$51:$G$62,0)),""))) | R7: =IF(入力!$D$9="","",IF(反映項目!$B$11="×","",IFERROR(INDEX(資格集約!$E$51:$E$62,MATCH(2,資格集約!$G$51:$G$62,0)),""))) | S7: =IF(入力!$D$9="","",IF(反映項目!$B$11="×","",IFERROR(INDEX(資格集約!$H$51:$H$62,MATCH(3,資格集約!$G$51:$G$62,0)),""))) | T7: =IF(入力!$D$9="","",IF(反映項目!$B$11="×","",IFERROR(INDEX(資格集約!$E$51:$E$62,MATCH(3,資格集約!$G$51:$G$62,0)),""))) | U7: =IF(入力!$D$9="","",IF(反映項目!$B$11="×","",IFERROR(INDEX(資格集約!$H$51:$H$62,MATCH(4,資格集約!$G$51:$G$62,0)),""))) | V7: =IF(入力!$D$9="","",IF(反映項目!$B$11="×","",IFERROR(INDEX(資格集約!$E$51:$E$62,MATCH(4,資格集約!$G$51:$G$62,0)),""))) | W7: =IF(入力!$D$9="","",IF(反映項目!$B$11="×","",IFERROR(INDEX(資格集約!$H$51:$H$62,MATCH(5,資格集約!$G$51:$G$62,0)),""))) | X7: =IF(入力!$D$9="","",IF(反映項目!$B$11="×","",IFERROR(INDEX(資格集約!$E$51:$E$62,MATCH(5,資格集約!$G$51:$G$62,0)),""))) | Y7: =IF(入力!$D$9="","",IF(OR(反映項目!$B$12="×",入力!$Z$9=""),"",入力!$Z$9)) | Z7: =IF(入力!$D$9="","",IF(反映項目!$B$13="×","",IF(入力!$AA$9="","",入力!$AA$9&CHAR(10)))&IF(反映項目!$B$14="×","",IF(入力!$AB$9="","",入力!$AB$9&CHAR(10)))&IF(反映項目!$B$15="×","",IF(入力!$AC$9="","",入力!$AC$9))) | AA7: =IF(入力!$D$9="","",IF(OR(反映項目!$B$17="×",入力!$AH$9=""),"",入力!$AH$9)) | AB7: =IF(入力!$D$9="","",IF(OR(反映項目!$B$16="×",N($AK$7)=0),"",YEAR($AK$7)-IF($AK$7>=DATE(2019,5,1),2018,1988))) | AC7: =IF(入力!$D$9="","",IF(OR(反映項目!$B$16="×",N($AK$7)=0),"",MONTH($AK$7))) | AD7: =IF(入力!$D$9="","",IF(OR(反映項目!$B$16="×",入力!$AE$9=""),"",入力!$AE$9)) | AE7: =IF(入力!$D$9="","",IF(OR(反映項目!$B$16="×",N($AL$7)=0),"",YEAR($AL$7)-IF($AL$7>=DATE(2019,5,1),2018,1988))) | AF7: =IF(入力!$D$9="","",IF(OR(反映項目!$B$16="×",N($AL$7)=0),"",MONTH($AL$7))) | AG7: =IF(入力!$D$9="","",IF(OR(反映項目!$B$16="×",入力!$AG$9=""),"",入力!$AG$9)) | AJ7: =IF(入力!$D$9="","",IFERROR(IF(ISNUMBER(入力!$F$9),入力!$F$9,DATEVALUE(入力!$F$9)),"")) | AK7: =IF(入力!$D$9="","",IFERROR(IF(ISNUMBER(入力!$AD$9),入力!$AD$9,DATEVALUE(入力!$AD$9)),"")) | AL7: =IF(入力!$D$9="","",IFERROR(IF(ISNUMBER(入力!$AF$9),入力!$AF$9,DATEVALUE(入力!$AF$9)),""))
A8: 6 | B8: =IF(入力!$D$10="","",IF(OR(反映項目!$B$4="×",入力!$D$10=""),"",入力!$D$10)) | C8: =IF(入力!$D$10="","",IF(OR(反映項目!$B$5="×",入力!$E$10=""),"",入力!$E$10)) | D8: =IF(入力!$D$10="","",IF(OR(反映項目!$B$6="×",N($AJ$8)=0),"",YEAR($AJ$8)-IF($AJ$8>=DATE(2019,5,1),2018,IF($AJ$8>=DATE(1989,1,8),1988,1925)))) | E8: =IF(入力!$D$10="","",IF(OR(反映項目!$B$6="×",N($AJ$8)=0),"",MONTH($AJ$8))) | F8: =IF(入力!$D$10="","",IF(OR(反映項目!$B$6="×",N($AJ$8)=0),"",DAY($AJ$8))) | G8: =IF(入力!$D$10="","",IF(OR(反映項目!$B$6="×",OR(N($AJ$8)=0,N(設定!$B$3)=0)),"",DATEDIF($AJ$8,設定!$B$3,"Y"))) | H8: =IF(入力!$D$10="","",IF(OR(反映項目!$B$7="×",入力!$G$10=""),"",IFERROR(TEXT(VALUE(SUBSTITUTE(入力!$G$10,"-","")),"000-0000"),入力!$G$10))) | I8: =IF(入力!$D$10="","",IF(OR(反映項目!$B$8="×",入力!$H$10=""),"",入力!$H$10)) | J8: =IF(入力!$D$10="","",IF(反映項目!$B$9="×","",IF(入力!$I$10<>"",入力!$I$10,IF(入力!$G$10="","",IFERROR(VLOOKUP(TEXT(VALUE(SUBSTITUTE(入力!$G$10,"-","")),"0000000"),郵便番号!$A:$C,3,FALSE),""))))) | K8: =IF(入力!$D$10="","",IF(OR(反映項目!$B$10="×",入力!$K$10=""),"",IFERROR(TEXT(VALUE(SUBSTITUTE(入力!$K$10,"-","")),"000-0000"),入力!$K$10))) | L8: =IF(入力!$D$10="","",IF(反映項目!$B$10="×","",IF(AND(入力!$K$10="",入力!$L$10=""),"同上",IF(入力!$L$10="","",入力!$L$10)))) | M8: =IF(入力!$D$10="","",IF(OR(反映項目!$B$10="×",入力!$M$10="",AND(入力!$K$10="",入力!$L$10="")),"",入力!$M$10)) | N8: =IF(入力!$D$10="","",設定!$B$4&CHAR(10)&IF(入力!$J$10="",設定!$B$5,入力!$J$10)) | O8: =IF(入力!$D$10="","",IF(反映項目!$B$11="×","",IFERROR(INDEX(資格集約!$H$63:$H$74,MATCH(1,資格集約!$G$63:$G$74,0)),""))) | P8: =IF(入力!$D$10="","",IF(反映項目!$B$11="×","",IFERROR(INDEX(資格集約!$E$63:$E$74,MATCH(1,資格集約!$G$63:$G$74,0)),""))) | Q8: =IF(入力!$D$10="","",IF(反映項目!$B$11="×","",IFERROR(INDEX(資格集約!$H$63:$H$74,MATCH(2,資格集約!$G$63:$G$74,0)),""))) | R8: =IF(入力!$D$10="","",IF(反映項目!$B$11="×","",IFERROR(INDEX(資格集約!$E$63:$E$74,MATCH(2,資格集約!$G$63:$G$74,0)),""))) | S8: =IF(入力!$D$10="","",IF(反映項目!$B$11="×","",IFERROR(INDEX(資格集約!$H$63:$H$74,MATCH(3,資格集約!$G$63:$G$74,0)),""))) | T8: =IF(入力!$D$10="","",IF(反映項目!$B$11="×","",IFERROR(INDEX(資格集約!$E$63:$E$74,MATCH(3,資格集約!$G$63:$G$74,0)),""))) | U8: =IF(入力!$D$10="","",IF(反映項目!$B$11="×","",IFERROR(INDEX(資格集約!$H$63:$H$74,MATCH(4,資格集約!$G$63:$G$74,0)),""))) | V8: =IF(入力!$D$10="","",IF(反映項目!$B$11="×","",IFERROR(INDEX(資格集約!$E$63:$E$74,MATCH(4,資格集約!$G$63:$G$74,0)),""))) | W8: =IF(入力!$D$10="","",IF(反映項目!$B$11="×","",IFERROR(INDEX(資格集約!$H$63:$H$74,MATCH(5,資格集約!$G$63:$G$74,0)),""))) | X8: =IF(入力!$D$10="","",IF(反映項目!$B$11="×","",IFERROR(INDEX(資格集約!$E$63:$E$74,MATCH(5,資格集約!$G$63:$G$74,0)),""))) | Y8: =IF(入力!$D$10="","",IF(OR(反映項目!$B$12="×",入力!$Z$10=""),"",入力!$Z$10)) | Z8: =IF(入力!$D$10="","",IF(反映項目!$B$13="×","",IF(入力!$AA$10="","",入力!$AA$10&CHAR(10)))&IF(反映項目!$B$14="×","",IF(入力!$AB$10="","",入力!$AB$10&CHAR(10)))&IF(反映項目!$B$15="×","",IF(入力!$AC$10="","",入力!$AC$10))) | AA8: =IF(入力!$D$10="","",IF(OR(反映項目!$B$17="×",入力!$AH$10=""),"",入力!$AH$10)) | AB8: =IF(入力!$D$10="","",IF(OR(反映項目!$B$16="×",N($AK$8)=0),"",YEAR($AK$8)-IF($AK$8>=DATE(2019,5,1),2018,1988))) | AC8: =IF(入力!$D$10="","",IF(OR(反映項目!$B$16="×",N($AK$8)=0),"",MONTH($AK$8))) | AD8: =IF(入力!$D$10="","",IF(OR(反映項目!$B$16="×",入力!$AE$10=""),"",入力!$AE$10)) | AE8: =IF(入力!$D$10="","",IF(OR(反映項目!$B$16="×",N($AL$8)=0),"",YEAR($AL$8)-IF($AL$8>=DATE(2019,5,1),2018,1988))) | AF8: =IF(入力!$D$10="","",IF(OR(反映項目!$B$16="×",N($AL$8)=0),"",MONTH($AL$8))) | AG8: =IF(入力!$D$10="","",IF(OR(反映項目!$B$16="×",入力!$AG$10=""),"",入力!$AG$10)) | AJ8: =IF(入力!$D$10="","",IFERROR(IF(ISNUMBER(入力!$F$10),入力!$F$10,DATEVALUE(入力!$F$10)),"")) | AK8: =IF(入力!$D$10="","",IFERROR(IF(ISNUMBER(入力!$AD$10),入力!$AD$10,DATEVALUE(入力!$AD$10)),"")) | AL8: =IF(入力!$D$10="","",IFERROR(IF(ISNUMBER(入力!$AF$10),入力!$AF$10,DATEVALUE(入力!$AF$10)),""))
A9: 7 | B9: =IF(入力!$D$11="","",IF(OR(反映項目!$B$4="×",入力!$D$11=""),"",入力!$D$11)) | C9: =IF(入力!$D$11="","",IF(OR(反映項目!$B$5="×",入力!$E$11=""),"",入力!$E$11)) | D9: =IF(入力!$D$11="","",IF(OR(反映項目!$B$6="×",N($AJ$9)=0),"",YEAR($AJ$9)-IF($AJ$9>=DATE(2019,5,1),2018,IF($AJ$9>=DATE(1989,1,8),1988,1925)))) | E9: =IF(入力!$D$11="","",IF(OR(反映項目!$B$6="×",N($AJ$9)=0),"",MONTH($AJ$9))) | F9: =IF(入力!$D$11="","",IF(OR(反映項目!$B$6="×",N($AJ$9)=0),"",DAY($AJ$9))) | G9: =IF(入力!$D$11="","",IF(OR(反映項目!$B$6="×",OR(N($AJ$9)=0,N(設定!$B$3)=0)),"",DATEDIF($AJ$9,設定!$B$3,"Y"))) | H9: =IF(入力!$D$11="","",IF(OR(反映項目!$B$7="×",入力!$G$11=""),"",IFERROR(TEXT(VALUE(SUBSTITUTE(入力!$G$11,"-","")),"000-0000"),入力!$G$11))) | I9: =IF(入力!$D$11="","",IF(OR(反映項目!$B$8="×",入力!$H$11=""),"",入力!$H$11)) | J9: =IF(入力!$D$11="","",IF(反映項目!$B$9="×","",IF(入力!$I$11<>"",入力!$I$11,IF(入力!$G$11="","",IFERROR(VLOOKUP(TEXT(VALUE(SUBSTITUTE(入力!$G$11,"-","")),"0000000"),郵便番号!$A:$C,3,FALSE),""))))) | K9: =IF(入力!$D$11="","",IF(OR(反映項目!$B$10="×",入力!$K$11=""),"",IFERROR(TEXT(VALUE(SUBSTITUTE(入力!$K$11,"-","")),"000-0000"),入力!$K$11))) | L9: =IF(入力!$D$11="","",IF(反映項目!$B$10="×","",IF(AND(入力!$K$11="",入力!$L$11=""),"同上",IF(入力!$L$11="","",入力!$L$11)))) | M9: =IF(入力!$D$11="","",IF(OR(反映項目!$B$10="×",入力!$M$11="",AND(入力!$K$11="",入力!$L$11="")),"",入力!$M$11)) | N9: =IF(入力!$D$11="","",設定!$B$4&CHAR(10)&IF(入力!$J$11="",設定!$B$5,入力!$J$11)) | O9: =IF(入力!$D$11="","",IF(反映項目!$B$11="×","",IFERROR(INDEX(資格集約!$H$75:$H$86,MATCH(1,資格集約!$G$75:$G$86,0)),""))) | P9: =IF(入力!$D$11="","",IF(反映項目!$B$11="×","",IFERROR(INDEX(資格集約!$E$75:$E$86,MATCH(1,資格集約!$G$75:$G$86,0)),""))) | Q9: =IF(入力!$D$11="","",IF(反映項目!$B$11="×","",IFERROR(INDEX(資格集約!$H$75:$H$86,MATCH(2,資格集約!$G$75:$G$86,0)),""))) | R9: =IF(入力!$D$11="","",IF(反映項目!$B$11="×","",IFERROR(INDEX(資格集約!$E$75:$E$86,MATCH(2,資格集約!$G$75:$G$86,0)),""))) | S9: =IF(入力!$D$11="","",IF(反映項目!$B$11="×","",IFERROR(INDEX(資格集約!$H$75:$H$86,MATCH(3,資格集約!$G$75:$G$86,0)),""))) | T9: =IF(入力!$D$11="","",IF(反映項目!$B$11="×","",IFERROR(INDEX(資格集約!$E$75:$E$86,MATCH(3,資格集約!$G$75:$G$86,0)),""))) | U9: =IF(入力!$D$11="","",IF(反映項目!$B$11="×","",IFERROR(INDEX(資格集約!$H$75:$H$86,MATCH(4,資格集約!$G$75:$G$86,0)),""))) | V9: =IF(入力!$D$11="","",IF(反映項目!$B$11="×","",IFERROR(INDEX(資格集約!$E$75:$E$86,MATCH(4,資格集約!$G$75:$G$86,0)),""))) | W9: =IF(入力!$D$11="","",IF(反映項目!$B$11="×","",IFERROR(INDEX(資格集約!$H$75:$H$86,MATCH(5,資格集約!$G$75:$G$86,0)),""))) | X9: =IF(入力!$D$11="","",IF(反映項目!$B$11="×","",IFERROR(INDEX(資格集約!$E$75:$E$86,MATCH(5,資格集約!$G$75:$G$86,0)),""))) | Y9: =IF(入力!$D$11="","",IF(OR(反映項目!$B$12="×",入力!$Z$11=""),"",入力!$Z$11)) | Z9: =IF(入力!$D$11="","",IF(反映項目!$B$13="×","",IF(入力!$AA$11="","",入力!$AA$11&CHAR(10)))&IF(反映項目!$B$14="×","",IF(入力!$AB$11="","",入力!$AB$11&CHAR(10)))&IF(反映項目!$B$15="×","",IF(入力!$AC$11="","",入力!$AC$11))) | AA9: =IF(入力!$D$11="","",IF(OR(反映項目!$B$17="×",入力!$AH$11=""),"",入力!$AH$11)) | AB9: =IF(入力!$D$11="","",IF(OR(反映項目!$B$16="×",N($AK$9)=0),"",YEAR($AK$9)-IF($AK$9>=DATE(2019,5,1),2018,1988))) | AC9: =IF(入力!$D$11="","",IF(OR(反映項目!$B$16="×",N($AK$9)=0),"",MONTH($AK$9))) | AD9: =IF(入力!$D$11="","",IF(OR(反映項目!$B$16="×",入力!$AE$11=""),"",入力!$AE$11)) | AE9: =IF(入力!$D$11="","",IF(OR(反映項目!$B$16="×",N($AL$9)=0),"",YEAR($AL$9)-IF($AL$9>=DATE(2019,5,1),2018,1988))) | AF9: =IF(入力!$D$11="","",IF(OR(反映項目!$B$16="×",N($AL$9)=0),"",MONTH($AL$9))) | AG9: =IF(入力!$D$11="","",IF(OR(反映項目!$B$16="×",入力!$AG$11=""),"",入力!$AG$11)) | AJ9: =IF(入力!$D$11="","",IFERROR(IF(ISNUMBER(入力!$F$11),入力!$F$11,DATEVALUE(入力!$F$11)),"")) | AK9: =IF(入力!$D$11="","",IFERROR(IF(ISNUMBER(入力!$AD$11),入力!$AD$11,DATEVALUE(入力!$AD$11)),"")) | AL9: =IF(入力!$D$11="","",IFERROR(IF(ISNUMBER(入力!$AF$11),入力!$AF$11,DATEVALUE(入力!$AF$11)),""))
A10: 8 | B10: =IF(入力!$D$12="","",IF(OR(反映項目!$B$4="×",入力!$D$12=""),"",入力!$D$12)) | C10: =IF(入力!$D$12="","",IF(OR(反映項目!$B$5="×",入力!$E$12=""),"",入力!$E$12)) | D10: =IF(入力!$D$12="","",IF(OR(反映項目!$B$6="×",N($AJ$10)=0),"",YEAR($AJ$10)-IF($AJ$10>=DATE(2019,5,1),2018,IF($AJ$10>=DATE(1989,1,8),1988,1925)))) | E10: =IF(入力!$D$12="","",IF(OR(反映項目!$B$6="×",N($AJ$10)=0),"",MONTH($AJ$10))) | F10: =IF(入力!$D$12="","",IF(OR(反映項目!$B$6="×",N($AJ$10)=0),"",DAY($AJ$10))) | G10: =IF(入力!$D$12="","",IF(OR(反映項目!$B$6="×",OR(N($AJ$10)=0,N(設定!$B$3)=0)),"",DATEDIF($AJ$10,設定!$B$3,"Y"))) | H10: =IF(入力!$D$12="","",IF(OR(反映項目!$B$7="×",入力!$G$12=""),"",IFERROR(TEXT(VALUE(SUBSTITUTE(入力!$G$12,"-","")),"000-0000"),入力!$G$12))) | I10: =IF(入力!$D$12="","",IF(OR(反映項目!$B$8="×",入力!$H$12=""),"",入力!$H$12)) | J10: =IF(入力!$D$12="","",IF(反映項目!$B$9="×","",IF(入力!$I$12<>"",入力!$I$12,IF(入力!$G$12="","",IFERROR(VLOOKUP(TEXT(VALUE(SUBSTITUTE(入力!$G$12,"-","")),"0000000"),郵便番号!$A:$C,3,FALSE),""))))) | K10: =IF(入力!$D$12="","",IF(OR(反映項目!$B$10="×",入力!$K$12=""),"",IFERROR(TEXT(VALUE(SUBSTITUTE(入力!$K$12,"-","")),"000-0000"),入力!$K$12))) | L10: =IF(入力!$D$12="","",IF(反映項目!$B$10="×","",IF(AND(入力!$K$12="",入力!$L$12=""),"同上",IF(入力!$L$12="","",入力!$L$12)))) | M10: =IF(入力!$D$12="","",IF(OR(反映項目!$B$10="×",入力!$M$12="",AND(入力!$K$12="",入力!$L$12="")),"",入力!$M$12)) | N10: =IF(入力!$D$12="","",設定!$B$4&CHAR(10)&IF(入力!$J$12="",設定!$B$5,入力!$J$12)) | O10: =IF(入力!$D$12="","",IF(反映項目!$B$11="×","",IFERROR(INDEX(資格集約!$H$87:$H$98,MATCH(1,資格集約!$G$87:$G$98,0)),""))) | P10: =IF(入力!$D$12="","",IF(反映項目!$B$11="×","",IFERROR(INDEX(資格集約!$E$87:$E$98,MATCH(1,資格集約!$G$87:$G$98,0)),""))) | Q10: =IF(入力!$D$12="","",IF(反映項目!$B$11="×","",IFERROR(INDEX(資格集約!$H$87:$H$98,MATCH(2,資格集約!$G$87:$G$98,0)),""))) | R10: =IF(入力!$D$12="","",IF(反映項目!$B$11="×","",IFERROR(INDEX(資格集約!$E$87:$E$98,MATCH(2,資格集約!$G$87:$G$98,0)),""))) | S10: =IF(入力!$D$12="","",IF(反映項目!$B$11="×","",IFERROR(INDEX(資格集約!$H$87:$H$98,MATCH(3,資格集約!$G$87:$G$98,0)),""))) | T10: =IF(入力!$D$12="","",IF(反映項目!$B$11="×","",IFERROR(INDEX(資格集約!$E$87:$E$98,MATCH(3,資格集約!$G$87:$G$98,0)),""))) | U10: =IF(入力!$D$12="","",IF(反映項目!$B$11="×","",IFERROR(INDEX(資格集約!$H$87:$H$98,MATCH(4,資格集約!$G$87:$G$98,0)),""))) | V10: =IF(入力!$D$12="","",IF(反映項目!$B$11="×","",IFERROR(INDEX(資格集約!$E$87:$E$98,MATCH(4,資格集約!$G$87:$G$98,0)),""))) | W10: =IF(入力!$D$12="","",IF(反映項目!$B$11="×","",IFERROR(INDEX(資格集約!$H$87:$H$98,MATCH(5,資格集約!$G$87:$G$98,0)),""))) | X10: =IF(入力!$D$12="","",IF(反映項目!$B$11="×","",IFERROR(INDEX(資格集約!$E$87:$E$98,MATCH(5,資格集約!$G$87:$G$98,0)),""))) | Y10: =IF(入力!$D$12="","",IF(OR(反映項目!$B$12="×",入力!$Z$12=""),"",入力!$Z$12)) | Z10: =IF(入力!$D$12="","",IF(反映項目!$B$13="×","",IF(入力!$AA$12="","",入力!$AA$12&CHAR(10)))&IF(反映項目!$B$14="×","",IF(入力!$AB$12="","",入力!$AB$12&CHAR(10)))&IF(反映項目!$B$15="×","",IF(入力!$AC$12="","",入力!$AC$12))) | AA10: =IF(入力!$D$12="","",IF(OR(反映項目!$B$17="×",入力!$AH$12=""),"",入力!$AH$12)) | AB10: =IF(入力!$D$12="","",IF(OR(反映項目!$B$16="×",N($AK$10)=0),"",YEAR($AK$10)-IF($AK$10>=DATE(2019,5,1),2018,1988))) | AC10: =IF(入力!$D$12="","",IF(OR(反映項目!$B$16="×",N($AK$10)=0),"",MONTH($AK$10))) | AD10: =IF(入力!$D$12="","",IF(OR(反映項目!$B$16="×",入力!$AE$12=""),"",入力!$AE$12)) | AE10: =IF(入力!$D$12="","",IF(OR(反映項目!$B$16="×",N($AL$10)=0),"",YEAR($AL$10)-IF($AL$10>=DATE(2019,5,1),2018,1988))) | AF10: =IF(入力!$D$12="","",IF(OR(反映項目!$B$16="×",N($AL$10)=0),"",MONTH($AL$10))) | AG10: =IF(入力!$D$12="","",IF(OR(反映項目!$B$16="×",入力!$AG$12=""),"",入力!$AG$12)) | AJ10: =IF(入力!$D$12="","",IFERROR(IF(ISNUMBER(入力!$F$12),入力!$F$12,DATEVALUE(入力!$F$12)),"")) | AK10: =IF(入力!$D$12="","",IFERROR(IF(ISNUMBER(入力!$AD$12),入力!$AD$12,DATEVALUE(入力!$AD$12)),"")) | AL10: =IF(入力!$D$12="","",IFERROR(IF(ISNUMBER(入力!$AF$12),入力!$AF$12,DATEVALUE(入力!$AF$12)),""))
A11: 9 | B11: =IF(入力!$D$13="","",IF(OR(反映項目!$B$4="×",入力!$D$13=""),"",入力!$D$13)) | C11: =IF(入力!$D$13="","",IF(OR(反映項目!$B$5="×",入力!$E$13=""),"",入力!$E$13)) | D11: =IF(入力!$D$13="","",IF(OR(反映項目!$B$6="×",N($AJ$11)=0),"",YEAR($AJ$11)-IF($AJ$11>=DATE(2019,5,1),2018,IF($AJ$11>=DATE(1989,1,8),1988,1925)))) | E11: =IF(入力!$D$13="","",IF(OR(反映項目!$B$6="×",N($AJ$11)=0),"",MONTH($AJ$11))) | F11: =IF(入力!$D$13="","",IF(OR(反映項目!$B$6="×",N($AJ$11)=0),"",DAY($AJ$11))) | G11: =IF(入力!$D$13="","",IF(OR(反映項目!$B$6="×",OR(N($AJ$11)=0,N(設定!$B$3)=0)),"",DATEDIF($AJ$11,設定!$B$3,"Y"))) | H11: =IF(入力!$D$13="","",IF(OR(反映項目!$B$7="×",入力!$G$13=""),"",IFERROR(TEXT(VALUE(SUBSTITUTE(入力!$G$13,"-","")),"000-0000"),入力!$G$13))) | I11: =IF(入力!$D$13="","",IF(OR(反映項目!$B$8="×",入力!$H$13=""),"",入力!$H$13)) | J11: =IF(入力!$D$13="","",IF(反映項目!$B$9="×","",IF(入力!$I$13<>"",入力!$I$13,IF(入力!$G$13="","",IFERROR(VLOOKUP(TEXT(VALUE(SUBSTITUTE(入力!$G$13,"-","")),"0000000"),郵便番号!$A:$C,3,FALSE),""))))) | K11: =IF(入力!$D$13="","",IF(OR(反映項目!$B$10="×",入力!$K$13=""),"",IFERROR(TEXT(VALUE(SUBSTITUTE(入力!$K$13,"-","")),"000-0000"),入力!$K$13))) | L11: =IF(入力!$D$13="","",IF(反映項目!$B$10="×","",IF(AND(入力!$K$13="",入力!$L$13=""),"同上",IF(入力!$L$13="","",入力!$L$13)))) | M11: =IF(入力!$D$13="","",IF(OR(反映項目!$B$10="×",入力!$M$13="",AND(入力!$K$13="",入力!$L$13="")),"",入力!$M$13)) | N11: =IF(入力!$D$13="","",設定!$B$4&CHAR(10)&IF(入力!$J$13="",設定!$B$5,入力!$J$13)) | O11: =IF(入力!$D$13="","",IF(反映項目!$B$11="×","",IFERROR(INDEX(資格集約!$H$99:$H$110,MATCH(1,資格集約!$G$99:$G$110,0)),""))) | P11: =IF(入力!$D$13="","",IF(反映項目!$B$11="×","",IFERROR(INDEX(資格集約!$E$99:$E$110,MATCH(1,資格集約!$G$99:$G$110,0)),""))) | Q11: =IF(入力!$D$13="","",IF(反映項目!$B$11="×","",IFERROR(INDEX(資格集約!$H$99:$H$110,MATCH(2,資格集約!$G$99:$G$110,0)),""))) | R11: =IF(入力!$D$13="","",IF(反映項目!$B$11="×","",IFERROR(INDEX(資格集約!$E$99:$E$110,MATCH(2,資格集約!$G$99:$G$110,0)),""))) | S11: =IF(入力!$D$13="","",IF(反映項目!$B$11="×","",IFERROR(INDEX(資格集約!$H$99:$H$110,MATCH(3,資格集約!$G$99:$G$110,0)),""))) | T11: =IF(入力!$D$13="","",IF(反映項目!$B$11="×","",IFERROR(INDEX(資格集約!$E$99:$E$110,MATCH(3,資格集約!$G$99:$G$110,0)),""))) | U11: =IF(入力!$D$13="","",IF(反映項目!$B$11="×","",IFERROR(INDEX(資格集約!$H$99:$H$110,MATCH(4,資格集約!$G$99:$G$110,0)),""))) | V11: =IF(入力!$D$13="","",IF(反映項目!$B$11="×","",IFERROR(INDEX(資格集約!$E$99:$E$110,MATCH(4,資格集約!$G$99:$G$110,0)),""))) | W11: =IF(入力!$D$13="","",IF(反映項目!$B$11="×","",IFERROR(INDEX(資格集約!$H$99:$H$110,MATCH(5,資格集約!$G$99:$G$110,0)),""))) | X11: =IF(入力!$D$13="","",IF(反映項目!$B$11="×","",IFERROR(INDEX(資格集約!$E$99:$E$110,MATCH(5,資格集約!$G$99:$G$110,0)),""))) | Y11: =IF(入力!$D$13="","",IF(OR(反映項目!$B$12="×",入力!$Z$13=""),"",入力!$Z$13)) | Z11: =IF(入力!$D$13="","",IF(反映項目!$B$13="×","",IF(入力!$AA$13="","",入力!$AA$13&CHAR(10)))&IF(反映項目!$B$14="×","",IF(入力!$AB$13="","",入力!$AB$13&CHAR(10)))&IF(反映項目!$B$15="×","",IF(入力!$AC$13="","",入力!$AC$13))) | AA11: =IF(入力!$D$13="","",IF(OR(反映項目!$B$17="×",入力!$AH$13=""),"",入力!$AH$13)) | AB11: =IF(入力!$D$13="","",IF(OR(反映項目!$B$16="×",N($AK$11)=0),"",YEAR($AK$11)-IF($AK$11>=DATE(2019,5,1),2018,1988))) | AC11: =IF(入力!$D$13="","",IF(OR(反映項目!$B$16="×",N($AK$11)=0),"",MONTH($AK$11))) | AD11: =IF(入力!$D$13="","",IF(OR(反映項目!$B$16="×",入力!$AE$13=""),"",入力!$AE$13)) | AE11: =IF(入力!$D$13="","",IF(OR(反映項目!$B$16="×",N($AL$11)=0),"",YEAR($AL$11)-IF($AL$11>=DATE(2019,5,1),2018,1988))) | AF11: =IF(入力!$D$13="","",IF(OR(反映項目!$B$16="×",N($AL$11)=0),"",MONTH($AL$11))) | AG11: =IF(入力!$D$13="","",IF(OR(反映項目!$B$16="×",入力!$AG$13=""),"",入力!$AG$13)) | AJ11: =IF(入力!$D$13="","",IFERROR(IF(ISNUMBER(入力!$F$13),入力!$F$13,DATEVALUE(入力!$F$13)),"")) | AK11: =IF(入力!$D$13="","",IFERROR(IF(ISNUMBER(入力!$AD$13),入力!$AD$13,DATEVALUE(入力!$AD$13)),"")) | AL11: =IF(入力!$D$13="","",IFERROR(IF(ISNUMBER(入力!$AF$13),入力!$AF$13,DATEVALUE(入力!$AF$13)),""))
A12: 10 | B12: =IF(入力!$D$14="","",IF(OR(反映項目!$B$4="×",入力!$D$14=""),"",入力!$D$14)) | C12: =IF(入力!$D$14="","",IF(OR(反映項目!$B$5="×",入力!$E$14=""),"",入力!$E$14)) | D12: =IF(入力!$D$14="","",IF(OR(反映項目!$B$6="×",N($AJ$12)=0),"",YEAR($AJ$12)-IF($AJ$12>=DATE(2019,5,1),2018,IF($AJ$12>=DATE(1989,1,8),1988,1925)))) | E12: =IF(入力!$D$14="","",IF(OR(反映項目!$B$6="×",N($AJ$12)=0),"",MONTH($AJ$12))) | F12: =IF(入力!$D$14="","",IF(OR(反映項目!$B$6="×",N($AJ$12)=0),"",DAY($AJ$12))) | G12: =IF(入力!$D$14="","",IF(OR(反映項目!$B$6="×",OR(N($AJ$12)=0,N(設定!$B$3)=0)),"",DATEDIF($AJ$12,設定!$B$3,"Y"))) | H12: =IF(入力!$D$14="","",IF(OR(反映項目!$B$7="×",入力!$G$14=""),"",IFERROR(TEXT(VALUE(SUBSTITUTE(入力!$G$14,"-","")),"000-0000"),入力!$G$14))) | I12: =IF(入力!$D$14="","",IF(OR(反映項目!$B$8="×",入力!$H$14=""),"",入力!$H$14)) | J12: =IF(入力!$D$14="","",IF(反映項目!$B$9="×","",IF(入力!$I$14<>"",入力!$I$14,IF(入力!$G$14="","",IFERROR(VLOOKUP(TEXT(VALUE(SUBSTITUTE(入力!$G$14,"-","")),"0000000"),郵便番号!$A:$C,3,FALSE),""))))) | K12: =IF(入力!$D$14="","",IF(OR(反映項目!$B$10="×",入力!$K$14=""),"",IFERROR(TEXT(VALUE(SUBSTITUTE(入力!$K$14,"-","")),"000-0000"),入力!$K$14))) | L12: =IF(入力!$D$14="","",IF(反映項目!$B$10="×","",IF(AND(入力!$K$14="",入力!$L$14=""),"同上",IF(入力!$L$14="","",入力!$L$14)))) | M12: =IF(入力!$D$14="","",IF(OR(反映項目!$B$10="×",入力!$M$14="",AND(入力!$K$14="",入力!$L$14="")),"",入力!$M$14)) | N12: =IF(入力!$D$14="","",設定!$B$4&CHAR(10)&IF(入力!$J$14="",設定!$B$5,入力!$J$14)) | O12: =IF(入力!$D$14="","",IF(反映項目!$B$11="×","",IFERROR(INDEX(資格集約!$H$111:$H$122,MATCH(1,資格集約!$G$111:$G$122,0)),""))) | P12: =IF(入力!$D$14="","",IF(反映項目!$B$11="×","",IFERROR(INDEX(資格集約!$E$111:$E$122,MATCH(1,資格集約!$G$111:$G$122,0)),""))) | Q12: =IF(入力!$D$14="","",IF(反映項目!$B$11="×","",IFERROR(INDEX(資格集約!$H$111:$H$122,MATCH(2,資格集約!$G$111:$G$122,0)),""))) | R12: =IF(入力!$D$14="","",IF(反映項目!$B$11="×","",IFERROR(INDEX(資格集約!$E$111:$E$122,MATCH(2,資格集約!$G$111:$G$122,0)),""))) | S12: =IF(入力!$D$14="","",IF(反映項目!$B$11="×","",IFERROR(INDEX(資格集約!$H$111:$H$122,MATCH(3,資格集約!$G$111:$G$122,0)),""))) | T12: =IF(入力!$D$14="","",IF(反映項目!$B$11="×","",IFERROR(INDEX(資格集約!$E$111:$E$122,MATCH(3,資格集約!$G$111:$G$122,0)),""))) | U12: =IF(入力!$D$14="","",IF(反映項目!$B$11="×","",IFERROR(INDEX(資格集約!$H$111:$H$122,MATCH(4,資格集約!$G$111:$G$122,0)),""))) | V12: =IF(入力!$D$14="","",IF(反映項目!$B$11="×","",IFERROR(INDEX(資格集約!$E$111:$E$122,MATCH(4,資格集約!$G$111:$G$122,0)),""))) | W12: =IF(入力!$D$14="","",IF(反映項目!$B$11="×","",IFERROR(INDEX(資格集約!$H$111:$H$122,MATCH(5,資格集約!$G$111:$G$122,0)),""))) | X12: =IF(入力!$D$14="","",IF(反映項目!$B$11="×","",IFERROR(INDEX(資格集約!$E$111:$E$122,MATCH(5,資格集約!$G$111:$G$122,0)),""))) | Y12: =IF(入力!$D$14="","",IF(OR(反映項目!$B$12="×",入力!$Z$14=""),"",入力!$Z$14)) | Z12: =IF(入力!$D$14="","",IF(反映項目!$B$13="×","",IF(入力!$AA$14="","",入力!$AA$14&CHAR(10)))&IF(反映項目!$B$14="×","",IF(入力!$AB$14="","",入力!$AB$14&CHAR(10)))&IF(反映項目!$B$15="×","",IF(入力!$AC$14="","",入力!$AC$14))) | AA12: =IF(入力!$D$14="","",IF(OR(反映項目!$B$17="×",入力!$AH$14=""),"",入力!$AH$14)) | AB12: =IF(入力!$D$14="","",IF(OR(反映項目!$B$16="×",N($AK$12)=0),"",YEAR($AK$12)-IF($AK$12>=DATE(2019,5,1),2018,1988))) | AC12: =IF(入力!$D$14="","",IF(OR(反映項目!$B$16="×",N($AK$12)=0),"",MONTH($AK$12))) | AD12: =IF(入力!$D$14="","",IF(OR(反映項目!$B$16="×",入力!$AE$14=""),"",入力!$AE$14)) | AE12: =IF(入力!$D$14="","",IF(OR(反映項目!$B$16="×",N($AL$12)=0),"",YEAR($AL$12)-IF($AL$12>=DATE(2019,5,1),2018,1988))) | AF12: =IF(入力!$D$14="","",IF(OR(反映項目!$B$16="×",N($AL$12)=0),"",MONTH($AL$12))) | AG12: =IF(入力!$D$14="","",IF(OR(反映項目!$B$16="×",入力!$AG$14=""),"",入力!$AG$14)) | AJ12: =IF(入力!$D$14="","",IFERROR(IF(ISNUMBER(入力!$F$14),入力!$F$14,DATEVALUE(入力!$F$14)),"")) | AK12: =IF(入力!$D$14="","",IFERROR(IF(ISNUMBER(入力!$AD$14),入力!$AD$14,DATEVALUE(入力!$AD$14)),"")) | AL12: =IF(入力!$D$14="","",IFERROR(IF(ISNUMBER(入力!$AF$14),入力!$AF$14,DATEVALUE(入力!$AF$14)),""))
A13: 11 | B13: =IF(入力!$D$15="","",IF(OR(反映項目!$B$4="×",入力!$D$15=""),"",入力!$D$15)) | C13: =IF(入力!$D$15="","",IF(OR(反映項目!$B$5="×",入力!$E$15=""),"",入力!$E$15)) | D13: =IF(入力!$D$15="","",IF(OR(反映項目!$B$6="×",N($AJ$13)=0),"",YEAR($AJ$13)-IF($AJ$13>=DATE(2019,5,1),2018,IF($AJ$13>=DATE(1989,1,8),1988,1925)))) | E13: =IF(入力!$D$15="","",IF(OR(反映項目!$B$6="×",N($AJ$13)=0),"",MONTH($AJ$13))) | F13: =IF(入力!$D$15="","",IF(OR(反映項目!$B$6="×",N($AJ$13)=0),"",DAY($AJ$13))) | G13: =IF(入力!$D$15="","",IF(OR(反映項目!$B$6="×",OR(N($AJ$13)=0,N(設定!$B$3)=0)),"",DATEDIF($AJ$13,設定!$B$3,"Y"))) | H13: =IF(入力!$D$15="","",IF(OR(反映項目!$B$7="×",入力!$G$15=""),"",IFERROR(TEXT(VALUE(SUBSTITUTE(入力!$G$15,"-","")),"000-0000"),入力!$G$15))) | I13: =IF(入力!$D$15="","",IF(OR(反映項目!$B$8="×",入力!$H$15=""),"",入力!$H$15)) | J13: =IF(入力!$D$15="","",IF(反映項目!$B$9="×","",IF(入力!$I$15<>"",入力!$I$15,IF(入力!$G$15="","",IFERROR(VLOOKUP(TEXT(VALUE(SUBSTITUTE(入力!$G$15,"-","")),"0000000"),郵便番号!$A:$C,3,FALSE),""))))) | K13: =IF(入力!$D$15="","",IF(OR(反映項目!$B$10="×",入力!$K$15=""),"",IFERROR(TEXT(VALUE(SUBSTITUTE(入力!$K$15,"-","")),"000-0000"),入力!$K$15))) | L13: =IF(入力!$D$15="","",IF(反映項目!$B$10="×","",IF(AND(入力!$K$15="",入力!$L$15=""),"同上",IF(入力!$L$15="","",入力!$L$15)))) | M13: =IF(入力!$D$15="","",IF(OR(反映項目!$B$10="×",入力!$M$15="",AND(入力!$K$15="",入力!$L$15="")),"",入力!$M$15)) | N13: =IF(入力!$D$15="","",設定!$B$4&CHAR(10)&IF(入力!$J$15="",設定!$B$5,入力!$J$15)) | O13: =IF(入力!$D$15="","",IF(反映項目!$B$11="×","",IFERROR(INDEX(資格集約!$H$123:$H$134,MATCH(1,資格集約!$G$123:$G$134,0)),""))) | P13: =IF(入力!$D$15="","",IF(反映項目!$B$11="×","",IFERROR(INDEX(資格集約!$E$123:$E$134,MATCH(1,資格集約!$G$123:$G$134,0)),""))) | Q13: =IF(入力!$D$15="","",IF(反映項目!$B$11="×","",IFERROR(INDEX(資格集約!$H$123:$H$134,MATCH(2,資格集約!$G$123:$G$134,0)),""))) | R13: =IF(入力!$D$15="","",IF(反映項目!$B$11="×","",IFERROR(INDEX(資格集約!$E$123:$E$134,MATCH(2,資格集約!$G$123:$G$134,0)),""))) | S13: =IF(入力!$D$15="","",IF(反映項目!$B$11="×","",IFERROR(INDEX(資格集約!$H$123:$H$134,MATCH(3,資格集約!$G$123:$G$134,0)),""))) | T13: =IF(入力!$D$15="","",IF(反映項目!$B$11="×","",IFERROR(INDEX(資格集約!$E$123:$E$134,MATCH(3,資格集約!$G$123:$G$134,0)),""))) | U13: =IF(入力!$D$15="","",IF(反映項目!$B$11="×","",IFERROR(INDEX(資格集約!$H$123:$H$134,MATCH(4,資格集約!$G$123:$G$134,0)),""))) | V13: =IF(入力!$D$15="","",IF(反映項目!$B$11="×","",IFERROR(INDEX(資格集約!$E$123:$E$134,MATCH(4,資格集約!$G$123:$G$134,0)),""))) | W13: =IF(入力!$D$15="","",IF(反映項目!$B$11="×","",IFERROR(INDEX(資格集約!$H$123:$H$134,MATCH(5,資格集約!$G$123:$G$134,0)),""))) | X13: =IF(入力!$D$15="","",IF(反映項目!$B$11="×","",IFERROR(INDEX(資格集約!$E$123:$E$134,MATCH(5,資格集約!$G$123:$G$134,0)),""))) | Y13: =IF(入力!$D$15="","",IF(OR(反映項目!$B$12="×",入力!$Z$15=""),"",入力!$Z$15)) | Z13: =IF(入力!$D$15="","",IF(反映項目!$B$13="×","",IF(入力!$AA$15="","",入力!$AA$15&CHAR(10)))&IF(反映項目!$B$14="×","",IF(入力!$AB$15="","",入力!$AB$15&CHAR(10)))&IF(反映項目!$B$15="×","",IF(入力!$AC$15="","",入力!$AC$15))) | AA13: =IF(入力!$D$15="","",IF(OR(反映項目!$B$17="×",入力!$AH$15=""),"",入力!$AH$15)) | AB13: =IF(入力!$D$15="","",IF(OR(反映項目!$B$16="×",N($AK$13)=0),"",YEAR($AK$13)-IF($AK$13>=DATE(2019,5,1),2018,1988))) | AC13: =IF(入力!$D$15="","",IF(OR(反映項目!$B$16="×",N($AK$13)=0),"",MONTH($AK$13))) | AD13: =IF(入力!$D$15="","",IF(OR(反映項目!$B$16="×",入力!$AE$15=""),"",入力!$AE$15)) | AE13: =IF(入力!$D$15="","",IF(OR(反映項目!$B$16="×",N($AL$13)=0),"",YEAR($AL$13)-IF($AL$13>=DATE(2019,5,1),2018,1988))) | AF13: =IF(入力!$D$15="","",IF(OR(反映項目!$B$16="×",N($AL$13)=0),"",MONTH($AL$13))) | AG13: =IF(入力!$D$15="","",IF(OR(反映項目!$B$16="×",入力!$AG$15=""),"",入力!$AG$15)) | AJ13: =IF(入力!$D$15="","",IFERROR(IF(ISNUMBER(入力!$F$15),入力!$F$15,DATEVALUE(入力!$F$15)),"")) | AK13: =IF(入力!$D$15="","",IFERROR(IF(ISNUMBER(入力!$AD$15),入力!$AD$15,DATEVALUE(入力!$AD$15)),"")) | AL13: =IF(入力!$D$15="","",IFERROR(IF(ISNUMBER(入力!$AF$15),入力!$AF$15,DATEVALUE(入力!$AF$15)),""))
A14: 12 | B14: =IF(入力!$D$16="","",IF(OR(反映項目!$B$4="×",入力!$D$16=""),"",入力!$D$16)) | C14: =IF(入力!$D$16="","",IF(OR(反映項目!$B$5="×",入力!$E$16=""),"",入力!$E$16)) | D14: =IF(入力!$D$16="","",IF(OR(反映項目!$B$6="×",N($AJ$14)=0),"",YEAR($AJ$14)-IF($AJ$14>=DATE(2019,5,1),2018,IF($AJ$14>=DATE(1989,1,8),1988,1925)))) | E14: =IF(入力!$D$16="","",IF(OR(反映項目!$B$6="×",N($AJ$14)=0),"",MONTH($AJ$14))) | F14: =IF(入力!$D$16="","",IF(OR(反映項目!$B$6="×",N($AJ$14)=0),"",DAY($AJ$14))) | G14: =IF(入力!$D$16="","",IF(OR(反映項目!$B$6="×",OR(N($AJ$14)=0,N(設定!$B$3)=0)),"",DATEDIF($AJ$14,設定!$B$3,"Y"))) | H14: =IF(入力!$D$16="","",IF(OR(反映項目!$B$7="×",入力!$G$16=""),"",IFERROR(TEXT(VALUE(SUBSTITUTE(入力!$G$16,"-","")),"000-0000"),入力!$G$16))) | I14: =IF(入力!$D$16="","",IF(OR(反映項目!$B$8="×",入力!$H$16=""),"",入力!$H$16)) | J14: =IF(入力!$D$16="","",IF(反映項目!$B$9="×","",IF(入力!$I$16<>"",入力!$I$16,IF(入力!$G$16="","",IFERROR(VLOOKUP(TEXT(VALUE(SUBSTITUTE(入力!$G$16,"-","")),"0000000"),郵便番号!$A:$C,3,FALSE),""))))) | K14: =IF(入力!$D$16="","",IF(OR(反映項目!$B$10="×",入力!$K$16=""),"",IFERROR(TEXT(VALUE(SUBSTITUTE(入力!$K$16,"-","")),"000-0000"),入力!$K$16))) | L14: =IF(入力!$D$16="","",IF(反映項目!$B$10="×","",IF(AND(入力!$K$16="",入力!$L$16=""),"同上",IF(入力!$L$16="","",入力!$L$16)))) | M14: =IF(入力!$D$16="","",IF(OR(反映項目!$B$10="×",入力!$M$16="",AND(入力!$K$16="",入力!$L$16="")),"",入力!$M$16)) | N14: =IF(入力!$D$16="","",設定!$B$4&CHAR(10)&IF(入力!$J$16="",設定!$B$5,入力!$J$16)) | O14: =IF(入力!$D$16="","",IF(反映項目!$B$11="×","",IFERROR(INDEX(資格集約!$H$135:$H$146,MATCH(1,資格集約!$G$135:$G$146,0)),""))) | P14: =IF(入力!$D$16="","",IF(反映項目!$B$11="×","",IFERROR(INDEX(資格集約!$E$135:$E$146,MATCH(1,資格集約!$G$135:$G$146,0)),""))) | Q14: =IF(入力!$D$16="","",IF(反映項目!$B$11="×","",IFERROR(INDEX(資格集約!$H$135:$H$146,MATCH(2,資格集約!$G$135:$G$146,0)),""))) | R14: =IF(入力!$D$16="","",IF(反映項目!$B$11="×","",IFERROR(INDEX(資格集約!$E$135:$E$146,MATCH(2,資格集約!$G$135:$G$146,0)),""))) | S14: =IF(入力!$D$16="","",IF(反映項目!$B$11="×","",IFERROR(INDEX(資格集約!$H$135:$H$146,MATCH(3,資格集約!$G$135:$G$146,0)),""))) | T14: =IF(入力!$D$16="","",IF(反映項目!$B$11="×","",IFERROR(INDEX(資格集約!$E$135:$E$146,MATCH(3,資格集約!$G$135:$G$146,0)),""))) | U14: =IF(入力!$D$16="","",IF(反映項目!$B$11="×","",IFERROR(INDEX(資格集約!$H$135:$H$146,MATCH(4,資格集約!$G$135:$G$146,0)),""))) | V14: =IF(入力!$D$16="","",IF(反映項目!$B$11="×","",IFERROR(INDEX(資格集約!$E$135:$E$146,MATCH(4,資格集約!$G$135:$G$146,0)),""))) | W14: =IF(入力!$D$16="","",IF(反映項目!$B$11="×","",IFERROR(INDEX(資格集約!$H$135:$H$146,MATCH(5,資格集約!$G$135:$G$146,0)),""))) | X14: =IF(入力!$D$16="","",IF(反映項目!$B$11="×","",IFERROR(INDEX(資格集約!$E$135:$E$146,MATCH(5,資格集約!$G$135:$G$146,0)),""))) | Y14: =IF(入力!$D$16="","",IF(OR(反映項目!$B$12="×",入力!$Z$16=""),"",入力!$Z$16)) | Z14: =IF(入力!$D$16="","",IF(反映項目!$B$13="×","",IF(入力!$AA$16="","",入力!$AA$16&CHAR(10)))&IF(反映項目!$B$14="×","",IF(入力!$AB$16="","",入力!$AB$16&CHAR(10)))&IF(反映項目!$B$15="×","",IF(入力!$AC$16="","",入力!$AC$16))) | AA14: =IF(入力!$D$16="","",IF(OR(反映項目!$B$17="×",入力!$AH$16=""),"",入力!$AH$16)) | AB14: =IF(入力!$D$16="","",IF(OR(反映項目!$B$16="×",N($AK$14)=0),"",YEAR($AK$14)-IF($AK$14>=DATE(2019,5,1),2018,1988))) | AC14: =IF(入力!$D$16="","",IF(OR(反映項目!$B$16="×",N($AK$14)=0),"",MONTH($AK$14))) | AD14: =IF(入力!$D$16="","",IF(OR(反映項目!$B$16="×",入力!$AE$16=""),"",入力!$AE$16)) | AE14: =IF(入力!$D$16="","",IF(OR(反映項目!$B$16="×",N($AL$14)=0),"",YEAR($AL$14)-IF($AL$14>=DATE(2019,5,1),2018,1988))) | AF14: =IF(入力!$D$16="","",IF(OR(反映項目!$B$16="×",N($AL$14)=0),"",MONTH($AL$14))) | AG14: =IF(入力!$D$16="","",IF(OR(反映項目!$B$16="×",入力!$AG$16=""),"",入力!$AG$16)) | AJ14: =IF(入力!$D$16="","",IFERROR(IF(ISNUMBER(入力!$F$16),入力!$F$16,DATEVALUE(入力!$F$16)),"")) | AK14: =IF(入力!$D$16="","",IFERROR(IF(ISNUMBER(入力!$AD$16),入力!$AD$16,DATEVALUE(入力!$AD$16)),"")) | AL14: =IF(入力!$D$16="","",IFERROR(IF(ISNUMBER(入力!$AF$16),入力!$AF$16,DATEVALUE(入力!$AF$16)),""))
A15: 13 | B15: =IF(入力!$D$17="","",IF(OR(反映項目!$B$4="×",入力!$D$17=""),"",入力!$D$17)) | C15: =IF(入力!$D$17="","",IF(OR(反映項目!$B$5="×",入力!$E$17=""),"",入力!$E$17)) | D15: =IF(入力!$D$17="","",IF(OR(反映項目!$B$6="×",N($AJ$15)=0),"",YEAR($AJ$15)-IF($AJ$15>=DATE(2019,5,1),2018,IF($AJ$15>=DATE(1989,1,8),1988,1925)))) | E15: =IF(入力!$D$17="","",IF(OR(反映項目!$B$6="×",N($AJ$15)=0),"",MONTH($AJ$15))) | F15: =IF(入力!$D$17="","",IF(OR(反映項目!$B$6="×",N($AJ$15)=0),"",DAY($AJ$15))) | G15: =IF(入力!$D$17="","",IF(OR(反映項目!$B$6="×",OR(N($AJ$15)=0,N(設定!$B$3)=0)),"",DATEDIF($AJ$15,設定!$B$3,"Y"))) | H15: =IF(入力!$D$17="","",IF(OR(反映項目!$B$7="×",入力!$G$17=""),"",IFERROR(TEXT(VALUE(SUBSTITUTE(入力!$G$17,"-","")),"000-0000"),入力!$G$17))) | I15: =IF(入力!$D$17="","",IF(OR(反映項目!$B$8="×",入力!$H$17=""),"",入力!$H$17)) | J15: =IF(入力!$D$17="","",IF(反映項目!$B$9="×","",IF(入力!$I$17<>"",入力!$I$17,IF(入力!$G$17="","",IFERROR(VLOOKUP(TEXT(VALUE(SUBSTITUTE(入力!$G$17,"-","")),"0000000"),郵便番号!$A:$C,3,FALSE),""))))) | K15: =IF(入力!$D$17="","",IF(OR(反映項目!$B$10="×",入力!$K$17=""),"",IFERROR(TEXT(VALUE(SUBSTITUTE(入力!$K$17,"-","")),"000-0000"),入力!$K$17))) | L15: =IF(入力!$D$17="","",IF(反映項目!$B$10="×","",IF(AND(入力!$K$17="",入力!$L$17=""),"同上",IF(入力!$L$17="","",入力!$L$17)))) | M15: =IF(入力!$D$17="","",IF(OR(反映項目!$B$10="×",入力!$M$17="",AND(入力!$K$17="",入力!$L$17="")),"",入力!$M$17)) | N15: =IF(入力!$D$17="","",設定!$B$4&CHAR(10)&IF(入力!$J$17="",設定!$B$5,入力!$J$17)) | O15: =IF(入力!$D$17="","",IF(反映項目!$B$11="×","",IFERROR(INDEX(資格集約!$H$147:$H$158,MATCH(1,資格集約!$G$147:$G$158,0)),""))) | P15: =IF(入力!$D$17="","",IF(反映項目!$B$11="×","",IFERROR(INDEX(資格集約!$E$147:$E$158,MATCH(1,資格集約!$G$147:$G$158,0)),""))) | Q15: =IF(入力!$D$17="","",IF(反映項目!$B$11="×","",IFERROR(INDEX(資格集約!$H$147:$H$158,MATCH(2,資格集約!$G$147:$G$158,0)),""))) | R15: =IF(入力!$D$17="","",IF(反映項目!$B$11="×","",IFERROR(INDEX(資格集約!$E$147:$E$158,MATCH(2,資格集約!$G$147:$G$158,0)),""))) | S15: =IF(入力!$D$17="","",IF(反映項目!$B$11="×","",IFERROR(INDEX(資格集約!$H$147:$H$158,MATCH(3,資格集約!$G$147:$G$158,0)),""))) | T15: =IF(入力!$D$17="","",IF(反映項目!$B$11="×","",IFERROR(INDEX(資格集約!$E$147:$E$158,MATCH(3,資格集約!$G$147:$G$158,0)),""))) | U15: =IF(入力!$D$17="","",IF(反映項目!$B$11="×","",IFERROR(INDEX(資格集約!$H$147:$H$158,MATCH(4,資格集約!$G$147:$G$158,0)),""))) | V15: =IF(入力!$D$17="","",IF(反映項目!$B$11="×","",IFERROR(INDEX(資格集約!$E$147:$E$158,MATCH(4,資格集約!$G$147:$G$158,0)),""))) | W15: =IF(入力!$D$17="","",IF(反映項目!$B$11="×","",IFERROR(INDEX(資格集約!$H$147:$H$158,MATCH(5,資格集約!$G$147:$G$158,0)),""))) | X15: =IF(入力!$D$17="","",IF(反映項目!$B$11="×","",IFERROR(INDEX(資格集約!$E$147:$E$158,MATCH(5,資格集約!$G$147:$G$158,0)),""))) | Y15: =IF(入力!$D$17="","",IF(OR(反映項目!$B$12="×",入力!$Z$17=""),"",入力!$Z$17)) | Z15: =IF(入力!$D$17="","",IF(反映項目!$B$13="×","",IF(入力!$AA$17="","",入力!$AA$17&CHAR(10)))&IF(反映項目!$B$14="×","",IF(入力!$AB$17="","",入力!$AB$17&CHAR(10)))&IF(反映項目!$B$15="×","",IF(入力!$AC$17="","",入力!$AC$17))) | AA15: =IF(入力!$D$17="","",IF(OR(反映項目!$B$17="×",入力!$AH$17=""),"",入力!$AH$17)) | AB15: =IF(入力!$D$17="","",IF(OR(反映項目!$B$16="×",N($AK$15)=0),"",YEAR($AK$15)-IF($AK$15>=DATE(2019,5,1),2018,1988))) | AC15: =IF(入力!$D$17="","",IF(OR(反映項目!$B$16="×",N($AK$15)=0),"",MONTH($AK$15))) | AD15: =IF(入力!$D$17="","",IF(OR(反映項目!$B$16="×",入力!$AE$17=""),"",入力!$AE$17)) | AE15: =IF(入力!$D$17="","",IF(OR(反映項目!$B$16="×",N($AL$15)=0),"",YEAR($AL$15)-IF($AL$15>=DATE(2019,5,1),2018,1988))) | AF15: =IF(入力!$D$17="","",IF(OR(反映項目!$B$16="×",N($AL$15)=0),"",MONTH($AL$15))) | AG15: =IF(入力!$D$17="","",IF(OR(反映項目!$B$16="×",入力!$AG$17=""),"",入力!$AG$17)) | AJ15: =IF(入力!$D$17="","",IFERROR(IF(ISNUMBER(入力!$F$17),入力!$F$17,DATEVALUE(入力!$F$17)),"")) | AK15: =IF(入力!$D$17="","",IFERROR(IF(ISNUMBER(入力!$AD$17),入力!$AD$17,DATEVALUE(入力!$AD$17)),"")) | AL15: =IF(入力!$D$17="","",IFERROR(IF(ISNUMBER(入力!$AF$17),入力!$AF$17,DATEVALUE(入力!$AF$17)),""))
A16: 14 | B16: =IF(入力!$D$18="","",IF(OR(反映項目!$B$4="×",入力!$D$18=""),"",入力!$D$18)) | C16: =IF(入力!$D$18="","",IF(OR(反映項目!$B$5="×",入力!$E$18=""),"",入力!$E$18)) | D16: =IF(入力!$D$18="","",IF(OR(反映項目!$B$6="×",N($AJ$16)=0),"",YEAR($AJ$16)-IF($AJ$16>=DATE(2019,5,1),2018,IF($AJ$16>=DATE(1989,1,8),1988,1925)))) | E16: =IF(入力!$D$18="","",IF(OR(反映項目!$B$6="×",N($AJ$16)=0),"",MONTH($AJ$16))) | F16: =IF(入力!$D$18="","",IF(OR(反映項目!$B$6="×",N($AJ$16)=0),"",DAY($AJ$16))) | G16: =IF(入力!$D$18="","",IF(OR(反映項目!$B$6="×",OR(N($AJ$16)=0,N(設定!$B$3)=0)),"",DATEDIF($AJ$16,設定!$B$3,"Y"))) | H16: =IF(入力!$D$18="","",IF(OR(反映項目!$B$7="×",入力!$G$18=""),"",IFERROR(TEXT(VALUE(SUBSTITUTE(入力!$G$18,"-","")),"000-0000"),入力!$G$18))) | I16: =IF(入力!$D$18="","",IF(OR(反映項目!$B$8="×",入力!$H$18=""),"",入力!$H$18)) | J16: =IF(入力!$D$18="","",IF(反映項目!$B$9="×","",IF(入力!$I$18<>"",入力!$I$18,IF(入力!$G$18="","",IFERROR(VLOOKUP(TEXT(VALUE(SUBSTITUTE(入力!$G$18,"-","")),"0000000"),郵便番号!$A:$C,3,FALSE),""))))) | K16: =IF(入力!$D$18="","",IF(OR(反映項目!$B$10="×",入力!$K$18=""),"",IFERROR(TEXT(VALUE(SUBSTITUTE(入力!$K$18,"-","")),"000-0000"),入力!$K$18))) | L16: =IF(入力!$D$18="","",IF(反映項目!$B$10="×","",IF(AND(入力!$K$18="",入力!$L$18=""),"同上",IF(入力!$L$18="","",入力!$L$18)))) | M16: =IF(入力!$D$18="","",IF(OR(反映項目!$B$10="×",入力!$M$18="",AND(入力!$K$18="",入力!$L$18="")),"",入力!$M$18)) | N16: =IF(入力!$D$18="","",設定!$B$4&CHAR(10)&IF(入力!$J$18="",設定!$B$5,入力!$J$18)) | O16: =IF(入力!$D$18="","",IF(反映項目!$B$11="×","",IFERROR(INDEX(資格集約!$H$159:$H$170,MATCH(1,資格集約!$G$159:$G$170,0)),""))) | P16: =IF(入力!$D$18="","",IF(反映項目!$B$11="×","",IFERROR(INDEX(資格集約!$E$159:$E$170,MATCH(1,資格集約!$G$159:$G$170,0)),""))) | Q16: =IF(入力!$D$18="","",IF(反映項目!$B$11="×","",IFERROR(INDEX(資格集約!$H$159:$H$170,MATCH(2,資格集約!$G$159:$G$170,0)),""))) | R16: =IF(入力!$D$18="","",IF(反映項目!$B$11="×","",IFERROR(INDEX(資格集約!$E$159:$E$170,MATCH(2,資格集約!$G$159:$G$170,0)),""))) | S16: =IF(入力!$D$18="","",IF(反映項目!$B$11="×","",IFERROR(INDEX(資格集約!$H$159:$H$170,MATCH(3,資格集約!$G$159:$G$170,0)),""))) | T16: =IF(入力!$D$18="","",IF(反映項目!$B$11="×","",IFERROR(INDEX(資格集約!$E$159:$E$170,MATCH(3,資格集約!$G$159:$G$170,0)),""))) | U16: =IF(入力!$D$18="","",IF(反映項目!$B$11="×","",IFERROR(INDEX(資格集約!$H$159:$H$170,MATCH(4,資格集約!$G$159:$G$170,0)),""))) | V16: =IF(入力!$D$18="","",IF(反映項目!$B$11="×","",IFERROR(INDEX(資格集約!$E$159:$E$170,MATCH(4,資格集約!$G$159:$G$170,0)),""))) | W16: =IF(入力!$D$18="","",IF(反映項目!$B$11="×","",IFERROR(INDEX(資格集約!$H$159:$H$170,MATCH(5,資格集約!$G$159:$G$170,0)),""))) | X16: =IF(入力!$D$18="","",IF(反映項目!$B$11="×","",IFERROR(INDEX(資格集約!$E$159:$E$170,MATCH(5,資格集約!$G$159:$G$170,0)),""))) | Y16: =IF(入力!$D$18="","",IF(OR(反映項目!$B$12="×",入力!$Z$18=""),"",入力!$Z$18)) | Z16: =IF(入力!$D$18="","",IF(反映項目!$B$13="×","",IF(入力!$AA$18="","",入力!$AA$18&CHAR(10)))&IF(反映項目!$B$14="×","",IF(入力!$AB$18="","",入力!$AB$18&CHAR(10)))&IF(反映項目!$B$15="×","",IF(入力!$AC$18="","",入力!$AC$18))) | AA16: =IF(入力!$D$18="","",IF(OR(反映項目!$B$17="×",入力!$AH$18=""),"",入力!$AH$18)) | AB16: =IF(入力!$D$18="","",IF(OR(反映項目!$B$16="×",N($AK$16)=0),"",YEAR($AK$16)-IF($AK$16>=DATE(2019,5,1),2018,1988))) | AC16: =IF(入力!$D$18="","",IF(OR(反映項目!$B$16="×",N($AK$16)=0),"",MONTH($AK$16))) | AD16: =IF(入力!$D$18="","",IF(OR(反映項目!$B$16="×",入力!$AE$18=""),"",入力!$AE$18)) | AE16: =IF(入力!$D$18="","",IF(OR(反映項目!$B$16="×",N($AL$16)=0),"",YEAR($AL$16)-IF($AL$16>=DATE(2019,5,1),2018,1988))) | AF16: =IF(入力!$D$18="","",IF(OR(反映項目!$B$16="×",N($AL$16)=0),"",MONTH($AL$16))) | AG16: =IF(入力!$D$18="","",IF(OR(反映項目!$B$16="×",入力!$AG$18=""),"",入力!$AG$18)) | AJ16: =IF(入力!$D$18="","",IFERROR(IF(ISNUMBER(入力!$F$18),入力!$F$18,DATEVALUE(入力!$F$18)),"")) | AK16: =IF(入力!$D$18="","",IFERROR(IF(ISNUMBER(入力!$AD$18),入力!$AD$18,DATEVALUE(入力!$AD$18)),"")) | AL16: =IF(入力!$D$18="","",IFERROR(IF(ISNUMBER(入力!$AF$18),入力!$AF$18,DATEVALUE(入力!$AF$18)),""))
